GP_Id,GP_year,round,GrandPrix_name,Circuit_name,location,GP_date,url
833,1950,1,British Grand Prix,Silverstone Circuit,Silverstone,13/05/1950,http://en.wikipedia.org/wiki/1950_British_Grand_Prix
834,1950,2,Monaco Grand Prix,Circuit de Monaco,Monte-Carlo,21/05/1950,http://en.wikipedia.org/wiki/1950_Monaco_Grand_Prix
837,1950,5,Belgian Grand Prix,Circuit de Spa-Francorchamps,Spa,18/06/1950,http://en.wikipedia.org/wiki/1950_Belgian_Grand_Prix
839,1950,7,Italian Grand Prix,Autodromo Nazionale di Monza,Monza,03/09/1950,http://en.wikipedia.org/wiki/1950_Italian_Grand_Prix
827,1951,3,Belgian Grand Prix,Circuit de Spa-Francorchamps,Spa,17/06/1951,http://en.wikipedia.org/wiki/1951_Belgian_Grand_Prix
829,1951,5,British Grand Prix,Silverstone Circuit,Silverstone,14/07/1951,http://en.wikipedia.org/wiki/1951_British_Grand_Prix
831,1951,7,Italian Grand Prix,Autodromo Nazionale di Monza,Monza,16/09/1951,http://en.wikipedia.org/wiki/1951_Italian_Grand_Prix
819,1952,3,Belgian Grand Prix,Circuit de Spa-Francorchamps,Spa,22/06/1952,http://en.wikipedia.org/wiki/1952_Belgian_Grand_Prix
821,1952,5,British Grand Prix,Silverstone Circuit,Silverstone,19/07/1952,http://en.wikipedia.org/wiki/1952_British_Grand_Prix
823,1952,7,Dutch Grand Prix,Circuit Park Zandvoort,Zandvoort,17/08/1952,http://en.wikipedia.org/wiki/1952_Dutch_Grand_Prix
824,1952,8,Italian Grand Prix,Autodromo Nazionale di Monza,Monza,07/09/1952,http://en.wikipedia.org/wiki/1952_Italian_Grand_Prix
810,1953,3,Dutch Grand Prix,Circuit Park Zandvoort,Zandvoort,07/06/1953,http://en.wikipedia.org/wiki/1953_Dutch_Grand_Prix
811,1953,4,Belgian Grand Prix,Circuit de Spa-Francorchamps,Spa,21/06/1953,http://en.wikipedia.org/wiki/1953_Belgian_Grand_Prix
813,1953,6,British Grand Prix,Silverstone Circuit,Silverstone,18/07/1953,http://en.wikipedia.org/wiki/1953_British_Grand_Prix
816,1953,9,Italian Grand Prix,Autodromo Nazionale di Monza,Monza,13/09/1953,http://en.wikipedia.org/wiki/1953_Italian_Grand_Prix
801,1954,3,Belgian Grand Prix,Circuit de Spa-Francorchamps,Spa,20/06/1954,http://en.wikipedia.org/wiki/1954_Belgian_Grand_Prix
803,1954,5,British Grand Prix,Silverstone Circuit,Silverstone,17/07/1954,http://en.wikipedia.org/wiki/1954_British_Grand_Prix
806,1954,8,Italian Grand Prix,Autodromo Nazionale di Monza,Monza,05/09/1954,http://en.wikipedia.org/wiki/1954_Italian_Grand_Prix
793,1955,2,Monaco Grand Prix,Circuit de Monaco,Monte-Carlo,22/05/1955,http://en.wikipedia.org/wiki/1955_Monaco_Grand_Prix
795,1955,4,Belgian Grand Prix,Circuit de Spa-Francorchamps,Spa,05/06/1955,http://en.wikipedia.org/wiki/1955_Belgian_Grand_Prix
796,1955,5,Dutch Grand Prix,Circuit Park Zandvoort,Zandvoort,19/06/1955,http://en.wikipedia.org/wiki/1955_Dutch_Grand_Prix
798,1955,7,Italian Grand Prix,Autodromo Nazionale di Monza,Monza,11/09/1955,http://en.wikipedia.org/wiki/1955_Italian_Grand_Prix
785,1956,2,Monaco Grand Prix,Circuit de Monaco,Monte-Carlo,13/05/1956,http://en.wikipedia.org/wiki/1956_Monaco_Grand_Prix
787,1956,4,Belgian Grand Prix,Circuit de Spa-Francorchamps,Spa,03/06/1956,http://en.wikipedia.org/wiki/1956_Belgian_Grand_Prix
789,1956,6,British Grand Prix,Silverstone Circuit,Silverstone,14/07/1956,http://en.wikipedia.org/wiki/1956_British_Grand_Prix
791,1956,8,Italian Grand Prix,Autodromo Nazionale di Monza,Monza,02/09/1956,http://en.wikipedia.org/wiki/1956_Italian_Grand_Prix
777,1957,2,Monaco Grand Prix,Circuit de Monaco,Monte-Carlo,19/05/1957,http://en.wikipedia.org/wiki/1957_Monaco_Grand_Prix
783,1957,8,Italian Grand Prix,Autodromo Nazionale di Monza,Monza,08/09/1957,http://en.wikipedia.org/wiki/1957_Italian_Grand_Prix
766,1958,2,Monaco Grand Prix,Circuit de Monaco,Monte-Carlo,18/05/1958,http://en.wikipedia.org/wiki/1958_Monaco_Grand_Prix
767,1958,3,Dutch Grand Prix,Circuit Park Zandvoort,Zandvoort,26/05/1958,http://en.wikipedia.org/wiki/1958_Dutch_Grand_Prix
769,1958,5,Belgian Grand Prix,Circuit de Spa-Francorchamps,Spa,15/06/1958,http://en.wikipedia.org/wiki/1958_Belgian_Grand_Prix
771,1958,7,British Grand Prix,Silverstone Circuit,Silverstone,19/07/1958,http://en.wikipedia.org/wiki/1958_British_Grand_Prix
774,1958,10,Italian Grand Prix,Autodromo Nazionale di Monza,Monza,07/09/1958,http://en.wikipedia.org/wiki/1958_Italian_Grand_Prix
756,1959,1,Monaco Grand Prix,Circuit de Monaco,Monte-Carlo,10/05/1959,http://en.wikipedia.org/wiki/1959_Monaco_Grand_Prix
758,1959,3,Dutch Grand Prix,Circuit Park Zandvoort,Zandvoort,31/05/1959,http://en.wikipedia.org/wiki/1959_Dutch_Grand_Prix
763,1959,8,Italian Grand Prix,Autodromo Nazionale di Monza,Monza,13/09/1959,http://en.wikipedia.org/wiki/1959_Italian_Grand_Prix
747,1960,2,Monaco Grand Prix,Circuit de Monaco,Monte-Carlo,29/05/1960,http://en.wikipedia.org/wiki/1960_Monaco_Grand_Prix
749,1960,4,Dutch Grand Prix,Circuit Park Zandvoort,Zandvoort,06/06/1960,http://en.wikipedia.org/wiki/1960_Dutch_Grand_Prix
750,1960,5,Belgian Grand Prix,Circuit de Spa-Francorchamps,Spa,19/06/1960,http://en.wikipedia.org/wiki/1960_Belgian_Grand_Prix
752,1960,7,British Grand Prix,Silverstone Circuit,Silverstone,16/07/1960,http://en.wikipedia.org/wiki/1960_British_Grand_Prix
754,1960,9,Italian Grand Prix,Autodromo Nazionale di Monza,Monza,04/09/1960,http://en.wikipedia.org/wiki/1960_Italian_Grand_Prix
738,1961,1,Monaco Grand Prix,Circuit de Monaco,Monte-Carlo,14/05/1961,http://en.wikipedia.org/wiki/1961_Monaco_Grand_Prix
739,1961,2,Dutch Grand Prix,Circuit Park Zandvoort,Zandvoort,22/05/1961,http://en.wikipedia.org/wiki/1961_Dutch_Grand_Prix
740,1961,3,Belgian Grand Prix,Circuit de Spa-Francorchamps,Spa,18/06/1961,http://en.wikipedia.org/wiki/1961_Belgian_Grand_Prix
744,1961,7,Italian Grand Prix,Autodromo Nazionale di Monza,Monza,10/09/1961,http://en.wikipedia.org/wiki/1961_Italian_Grand_Prix
729,1962,1,Dutch Grand Prix,Circuit Park Zandvoort,Zandvoort,20/05/1962,http://en.wikipedia.org/wiki/1962_Dutch_Grand_Prix
730,1962,2,Monaco Grand Prix,Circuit de Monaco,Monte-Carlo,03/06/1962,http://en.wikipedia.org/wiki/1962_Monaco_Grand_Prix
731,1962,3,Belgian Grand Prix,Circuit de Spa-Francorchamps,Spa,17/06/1962,http://en.wikipedia.org/wiki/1962_Belgian_Grand_Prix
735,1962,7,Italian Grand Prix,Autodromo Nazionale di Monza,Monza,16/09/1962,http://en.wikipedia.org/wiki/1962_Italian_Grand_Prix
719,1963,1,Monaco Grand Prix,Circuit de Monaco,Monte-Carlo,26/05/1963,http://en.wikipedia.org/wiki/1963_Monaco_Grand_Prix
720,1963,2,Belgian Grand Prix,Circuit de Spa-Francorchamps,Spa,09/06/1963,http://en.wikipedia.org/wiki/1963_Belgian_Grand_Prix
721,1963,3,Dutch Grand Prix,Circuit Park Zandvoort,Zandvoort,23/06/1963,http://en.wikipedia.org/wiki/1963_Dutch_Grand_Prix
723,1963,5,British Grand Prix,Silverstone Circuit,Silverstone,20/07/1963,http://en.wikipedia.org/wiki/1963_British_Grand_Prix
725,1963,7,Italian Grand Prix,Autodromo Nazionale di Monza,Monza,08/09/1963,http://en.wikipedia.org/wiki/1963_Italian_Grand_Prix
727,1963,9,Mexico City Grand Prix,Autódromo Hermanos Rodríguez,Mexico City,27/10/1963,http://en.wikipedia.org/wiki/1963_Mexican_Grand_Prix
709,1964,1,Monaco Grand Prix,Circuit de Monaco,Monte-Carlo,10/05/1964,http://en.wikipedia.org/wiki/1964_Monaco_Grand_Prix
710,1964,2,Dutch Grand Prix,Circuit Park Zandvoort,Zandvoort,24/05/1964,http://en.wikipedia.org/wiki/1964_Dutch_Grand_Prix
711,1964,3,Belgian Grand Prix,Circuit de Spa-Francorchamps,Spa,14/06/1964,http://en.wikipedia.org/wiki/1964_Belgian_Grand_Prix
716,1964,8,Italian Grand Prix,Autodromo Nazionale di Monza,Monza,06/09/1964,http://en.wikipedia.org/wiki/1964_Italian_Grand_Prix
718,1964,10,Mexico City Grand Prix,Autódromo Hermanos Rodríguez,Mexico City,25/10/1964,http://en.wikipedia.org/wiki/1964_Mexican_Grand_Prix
700,1965,2,Monaco Grand Prix,Circuit de Monaco,Monte-Carlo,30/05/1965,http://en.wikipedia.org/wiki/1965_Monaco_Grand_Prix
701,1965,3,Belgian Grand Prix,Circuit de Spa-Francorchamps,Spa,13/06/1965,http://en.wikipedia.org/wiki/1965_Belgian_Grand_Prix
703,1965,5,British Grand Prix,Silverstone Circuit,Silverstone,10/07/1965,http://en.wikipedia.org/wiki/1965_British_Grand_Prix
704,1965,6,Dutch Grand Prix,Circuit Park Zandvoort,Zandvoort,18/07/1965,http://en.wikipedia.org/wiki/1965_Dutch_Grand_Prix
706,1965,8,Italian Grand Prix,Autodromo Nazionale di Monza,Monza,12/09/1965,http://en.wikipedia.org/wiki/1965_Italian_Grand_Prix
708,1965,10,Mexico City Grand Prix,Autódromo Hermanos Rodríguez,Mexico City,24/10/1965,http://en.wikipedia.org/wiki/1965_Mexican_Grand_Prix
690,1966,1,Monaco Grand Prix,Circuit de Monaco,Monte-Carlo,22/05/1966,http://en.wikipedia.org/wiki/1966_Monaco_Grand_Prix
691,1966,2,Belgian Grand Prix,Circuit de Spa-Francorchamps,Spa,12/06/1966,http://en.wikipedia.org/wiki/1966_Belgian_Grand_Prix
694,1966,5,Dutch Grand Prix,Circuit Park Zandvoort,Zandvoort,24/07/1966,http://en.wikipedia.org/wiki/1966_Dutch_Grand_Prix
696,1966,7,Italian Grand Prix,Autodromo Nazionale di Monza,Monza,04/09/1966,http://en.wikipedia.org/wiki/1966_Italian_Grand_Prix
698,1966,9,Mexico City Grand Prix,Autódromo Hermanos Rodríguez,Mexico City,23/10/1966,http://en.wikipedia.org/wiki/1966_Mexican_Grand_Prix
680,1967,2,Monaco Grand Prix,Circuit de Monaco,Monte-Carlo,07/05/1967,http://en.wikipedia.org/wiki/1967_Monaco_Grand_Prix
681,1967,3,Dutch Grand Prix,Circuit Park Zandvoort,Zandvoort,04/06/1967,http://en.wikipedia.org/wiki/1967_Dutch_Grand_Prix
682,1967,4,Belgian Grand Prix,Circuit de Spa-Francorchamps,Spa,18/06/1967,http://en.wikipedia.org/wiki/1967_Belgian_Grand_Prix
684,1967,6,British Grand Prix,Silverstone Circuit,Silverstone,15/07/1967,http://en.wikipedia.org/wiki/1967_British_Grand_Prix
687,1967,9,Italian Grand Prix,Autodromo Nazionale di Monza,Monza,10/09/1967,http://en.wikipedia.org/wiki/1967_Italian_Grand_Prix
689,1967,11,Mexico City Grand Prix,Autódromo Hermanos Rodríguez,Mexico City,22/10/1967,http://en.wikipedia.org/wiki/1967_Mexican_Grand_Prix
669,1968,3,Monaco Grand Prix,Circuit de Monaco,Monte-Carlo,26/05/1968,http://en.wikipedia.org/wiki/1968_Monaco_Grand_Prix
670,1968,4,Belgian Grand Prix,Circuit de Spa-Francorchamps,Spa,09/06/1968,http://en.wikipedia.org/wiki/1968_Belgian_Grand_Prix
671,1968,5,Dutch Grand Prix,Circuit Park Zandvoort,Zandvoort,23/06/1968,http://en.wikipedia.org/wiki/1968_Dutch_Grand_Prix
675,1968,9,Italian Grand Prix,Autodromo Nazionale di Monza,Monza,08/09/1968,http://en.wikipedia.org/wiki/1968_Italian_Grand_Prix
678,1968,12,Mexico City Grand Prix,Autódromo Hermanos Rodríguez,Mexico City,03/11/1968,http://en.wikipedia.org/wiki/1968_Mexican_Grand_Prix
658,1969,3,Monaco Grand Prix,Circuit de Monaco,Monte-Carlo,18/05/1969,http://en.wikipedia.org/wiki/1969_Monaco_Grand_Prix
659,1969,4,Dutch Grand Prix,Circuit Park Zandvoort,Zandvoort,21/06/1969,http://en.wikipedia.org/wiki/1969_Dutch_Grand_Prix
661,1969,6,British Grand Prix,Silverstone Circuit,Silverstone,19/07/1969,http://en.wikipedia.org/wiki/1969_British_Grand_Prix
663,1969,8,Italian Grand Prix,Autodromo Nazionale di Monza,Monza,07/09/1969,http://en.wikipedia.org/wiki/1969_Italian_Grand_Prix
666,1969,11,Mexico City Grand Prix,Autódromo Hermanos Rodríguez,Mexico City,19/10/1969,http://en.wikipedia.org/wiki/1969_Mexican_Grand_Prix
645,1970,3,Monaco Grand Prix,Circuit de Monaco,Monte-Carlo,10/05/1970,http://en.wikipedia.org/wiki/1970_Monaco_Grand_Prix
646,1970,4,Belgian Grand Prix,Circuit de Spa-Francorchamps,Spa,07/06/1970,http://en.wikipedia.org/wiki/1970_Belgian_Grand_Prix
647,1970,5,Dutch Grand Prix,Circuit Park Zandvoort,Zandvoort,21/06/1970,http://en.wikipedia.org/wiki/1970_Dutch_Grand_Prix
651,1970,9,Austrian Grand Prix,Red Bull Ring,Spielberg,16/08/1970,http://en.wikipedia.org/wiki/1970_Austrian_Grand_Prix
652,1970,10,Italian Grand Prix,Autodromo Nazionale di Monza,Monza,06/09/1970,http://en.wikipedia.org/wiki/1970_Italian_Grand_Prix
655,1970,13,Mexico City Grand Prix,Autódromo Hermanos Rodríguez,Mexico City,25/10/1970,http://en.wikipedia.org/wiki/1970_Mexican_Grand_Prix
634,1971,3,Monaco Grand Prix,Circuit de Monaco,Monte-Carlo,23/05/1971,http://en.wikipedia.org/wiki/1971_Monaco_Grand_Prix
635,1971,4,Dutch Grand Prix,Circuit Park Zandvoort,Zandvoort,20/06/1971,http://en.wikipedia.org/wiki/1971_Dutch_Grand_Prix
637,1971,6,British Grand Prix,Silverstone Circuit,Silverstone,17/07/1971,http://en.wikipedia.org/wiki/1971_British_Grand_Prix
639,1971,8,Austrian Grand Prix,Red Bull Ring,Spielberg,15/08/1971,http://en.wikipedia.org/wiki/1971_Austrian_Grand_Prix
640,1971,9,Italian Grand Prix,Autodromo Nazionale di Monza,Monza,05/09/1971,http://en.wikipedia.org/wiki/1971_Italian_Grand_Prix
623,1972,4,Monaco Grand Prix,Circuit de Monaco,Monte-Carlo,14/05/1972,http://en.wikipedia.org/wiki/1972_Monaco_Grand_Prix
628,1972,9,Austrian Grand Prix,Red Bull Ring,Spielberg,13/08/1972,http://en.wikipedia.org/wiki/1972_Austrian_Grand_Prix
629,1972,10,Italian Grand Prix,Autodromo Nazionale di Monza,Monza,10/09/1972,http://en.wikipedia.org/wiki/1972_Italian_Grand_Prix
606,1973,2,São Paulo Grand Prix,Autódromo José Carlos Pace,São Paulo,11/02/1973,http://en.wikipedia.org/wiki/1973_Brazilian_Grand_Prix
610,1973,6,Monaco Grand Prix,Circuit de Monaco,Monte-Carlo,03/06/1973,http://en.wikipedia.org/wiki/1973_Monaco_Grand_Prix
613,1973,9,British Grand Prix,Silverstone Circuit,Silverstone,14/07/1973,http://en.wikipedia.org/wiki/1973_British_Grand_Prix
614,1973,10,Dutch Grand Prix,Circuit Park Zandvoort,Zandvoort,29/07/1973,http://en.wikipedia.org/wiki/1973_Dutch_Grand_Prix
616,1973,12,Austrian Grand Prix,Red Bull Ring,Spielberg,19/08/1973,http://en.wikipedia.org/wiki/1973_Austrian_Grand_Prix
617,1973,13,Italian Grand Prix,Autodromo Nazionale di Monza,Monza,09/09/1973,http://en.wikipedia.org/wiki/1973_Italian_Grand_Prix
591,1974,2,São Paulo Grand Prix,Autódromo José Carlos Pace,São Paulo,27/01/1974,http://en.wikipedia.org/wiki/1974_Brazilian_Grand_Prix
595,1974,6,Monaco Grand Prix,Circuit de Monaco,Monte-Carlo,26/05/1974,http://en.wikipedia.org/wiki/1974_Monaco_Grand_Prix
597,1974,8,Dutch Grand Prix,Circuit Park Zandvoort,Zandvoort,23/06/1974,http://en.wikipedia.org/wiki/1974_Dutch_Grand_Prix
601,1974,12,Austrian Grand Prix,Red Bull Ring,Spielberg,18/08/1974,http://en.wikipedia.org/wiki/1974_Austrian_Grand_Prix
602,1974,13,Italian Grand Prix,Autodromo Nazionale di Monza,Monza,08/09/1974,http://en.wikipedia.org/wiki/1974_Italian_Grand_Prix
577,1975,2,São Paulo Grand Prix,Autódromo José Carlos Pace,São Paulo,26/01/1975,http://en.wikipedia.org/wiki/1975_Brazilian_Grand_Prix
580,1975,5,Monaco Grand Prix,Circuit de Monaco,Monte-Carlo,11/05/1975,http://en.wikipedia.org/wiki/1975_Monaco_Grand_Prix
583,1975,8,Dutch Grand Prix,Circuit Park Zandvoort,Zandvoort,22/06/1975,http://en.wikipedia.org/wiki/1975_Dutch_Grand_Prix
585,1975,10,British Grand Prix,Silverstone Circuit,Silverstone,19/07/1975,http://en.wikipedia.org/wiki/1975_British_Grand_Prix
587,1975,12,Austrian Grand Prix,Red Bull Ring,Spielberg,17/08/1975,http://en.wikipedia.org/wiki/1975_Austrian_Grand_Prix
588,1975,13,Italian Grand Prix,Autodromo Nazionale di Monza,Monza,07/09/1975,http://en.wikipedia.org/wiki/1975_Italian_Grand_Prix
560,1976,1,São Paulo Grand Prix,Autódromo José Carlos Pace,São Paulo,25/01/1976,http://en.wikipedia.org/wiki/1976_Brazilian_Grand_Prix
565,1976,6,Monaco Grand Prix,Circuit de Monaco,Monte-Carlo,30/05/1976,http://en.wikipedia.org/wiki/1976_Monaco_Grand_Prix
570,1976,11,Austrian Grand Prix,Red Bull Ring,Spielberg,15/08/1976,http://en.wikipedia.org/wiki/1976_Austrian_Grand_Prix
571,1976,12,Dutch Grand Prix,Circuit Park Zandvoort,Zandvoort,29/08/1976,http://en.wikipedia.org/wiki/1976_Dutch_Grand_Prix
572,1976,13,Italian Grand Prix,Autodromo Nazionale di Monza,Monza,12/09/1976,http://en.wikipedia.org/wiki/1976_Italian_Grand_Prix
544,1977,2,São Paulo Grand Prix,Autódromo José Carlos Pace,São Paulo,23/01/1977,http://en.wikipedia.org/wiki/1977_Brazilian_Grand_Prix
548,1977,6,Monaco Grand Prix,Circuit de Monaco,Monte-Carlo,22/05/1977,http://en.wikipedia.org/wiki/1977_Monaco_Grand_Prix
552,1977,10,British Grand Prix,Silverstone Circuit,Silverstone,16/07/1977,http://en.wikipedia.org/wiki/1977_British_Grand_Prix
554,1977,12,Austrian Grand Prix,Red Bull Ring,Spielberg,14/08/1977,http://en.wikipedia.org/wiki/1977_Austrian_Grand_Prix
555,1977,13,Dutch Grand Prix,Circuit Park Zandvoort,Zandvoort,28/08/1977,http://en.wikipedia.org/wiki/1977_Dutch_Grand_Prix
556,1977,14,Italian Grand Prix,Autodromo Nazionale di Monza,Monza,11/09/1977,http://en.wikipedia.org/wiki/1977_Italian_Grand_Prix
531,1978,5,Monaco Grand Prix,Circuit de Monaco,Monte-Carlo,07/05/1978,http://en.wikipedia.org/wiki/1978_Monaco_Grand_Prix
538,1978,12,Austrian Grand Prix,Red Bull Ring,Spielberg,13/08/1978,http://en.wikipedia.org/wiki/1978_Austrian_Grand_Prix
539,1978,13,Dutch Grand Prix,Circuit Park Zandvoort,Zandvoort,27/08/1978,http://en.wikipedia.org/wiki/1978_Dutch_Grand_Prix
540,1978,14,Italian Grand Prix,Autodromo Nazionale di Monza,Monza,10/09/1978,http://en.wikipedia.org/wiki/1978_Italian_Grand_Prix
542,1978,16,Canadian Grand Prix,Circuit Gilles Villeneuve,Montreal,08/10/1978,http://en.wikipedia.org/wiki/1978_Canadian_Grand_Prix
513,1979,2,São Paulo Grand Prix,Autódromo José Carlos Pace,São Paulo,04/02/1979,http://en.wikipedia.org/wiki/1979_Brazilian_Grand_Prix
518,1979,7,Monaco Grand Prix,Circuit de Monaco,Monte-Carlo,27/05/1979,http://en.wikipedia.org/wiki/1979_Monaco_Grand_Prix
520,1979,9,British Grand Prix,Silverstone Circuit,Silverstone,14/07/1979,http://en.wikipedia.org/wiki/1979_British_Grand_Prix
522,1979,11,Austrian Grand Prix,Red Bull Ring,Spielberg,12/08/1979,http://en.wikipedia.org/wiki/1979_Austrian_Grand_Prix
523,1979,12,Dutch Grand Prix,Circuit Park Zandvoort,Zandvoort,26/08/1979,http://en.wikipedia.org/wiki/1979_Dutch_Grand_Prix
524,1979,13,Italian Grand Prix,Autodromo Nazionale di Monza,Monza,09/09/1979,http://en.wikipedia.org/wiki/1979_Italian_Grand_Prix
525,1979,14,Canadian Grand Prix,Circuit Gilles Villeneuve,Montreal,30/09/1979,http://en.wikipedia.org/wiki/1979_Canadian_Grand_Prix
499,1980,2,São Paulo Grand Prix,Autódromo José Carlos Pace,São Paulo,27/01/1980,http://en.wikipedia.org/wiki/1980_Brazilian_Grand_Prix
503,1980,6,Monaco Grand Prix,Circuit de Monaco,Monte-Carlo,18/05/1980,http://en.wikipedia.org/wiki/1980_Monaco_Grand_Prix
507,1980,10,Austrian Grand Prix,Red Bull Ring,Spielberg,17/08/1980,http://en.wikipedia.org/wiki/1980_Austrian_Grand_Prix
508,1980,11,Dutch Grand Prix,Circuit Park Zandvoort,Zandvoort,31/08/1980,http://en.wikipedia.org/wiki/1980_Dutch_Grand_Prix
509,1980,12,Emilia Romagna Grand Prix,Autodromo Enzo e Dino Ferrari,Imola,14/09/1980,http://en.wikipedia.org/wiki/1980_Italian_Grand_Prix
510,1980,13,Canadian Grand Prix,Circuit Gilles Villeneuve,Montreal,28/09/1980,http://en.wikipedia.org/wiki/1980_Canadian_Grand_Prix
486,1981,4,Emilia Romagna Grand Prix,Autodromo Enzo e Dino Ferrari,Imola,03/05/1981,http://en.wikipedia.org/wiki/1981_San_Marino_Grand_Prix
488,1981,6,Monaco Grand Prix,Circuit de Monaco,Monte-Carlo,31/05/1981,http://en.wikipedia.org/wiki/1981_Monaco_Grand_Prix
491,1981,9,British Grand Prix,Silverstone Circuit,Silverstone,18/07/1981,http://en.wikipedia.org/wiki/1981_British_Grand_Prix
493,1981,11,Austrian Grand Prix,Red Bull Ring,Spielberg,16/08/1981,http://en.wikipedia.org/wiki/1981_Austrian_Grand_Prix
494,1981,12,Dutch Grand Prix,Circuit Park Zandvoort,Zandvoort,30/08/1981,http://en.wikipedia.org/wiki/1981_Dutch_Grand_Prix
495,1981,13,Italian Grand Prix,Autodromo Nazionale di Monza,Monza,13/09/1981,http://en.wikipedia.org/wiki/1981_Italian_Grand_Prix
496,1981,14,Canadian Grand Prix,Circuit Gilles Villeneuve,Montreal,27/09/1981,http://en.wikipedia.org/wiki/1981_Canadian_Grand_Prix
497,1981,15,Caesars Palace Grand Prix,Las Vegas Street Circuit,Nevada,17/10/1981,http://en.wikipedia.org/wiki/1981_Caesars_Palace_Grand_Prix
470,1982,4,Emilia Romagna Grand Prix,Autodromo Enzo e Dino Ferrari,Imola,25/04/1982,http://en.wikipedia.org/wiki/1982_San_Marino_Grand_Prix
472,1982,6,Monaco Grand Prix,Circuit de Monaco,Monte-Carlo,23/05/1982,http://en.wikipedia.org/wiki/1982_Monaco_Grand_Prix
474,1982,8,Canadian Grand Prix,Circuit Gilles Villeneuve,Montreal,13/06/1982,http://en.wikipedia.org/wiki/1982_Canadian_Grand_Prix
475,1982,9,Dutch Grand Prix,Circuit Park Zandvoort,Zandvoort,03/07/1982,http://en.wikipedia.org/wiki/1982_Dutch_Grand_Prix
479,1982,13,Austrian Grand Prix,Red Bull Ring,Spielberg,15/08/1982,http://en.wikipedia.org/wiki/1982_Austrian_Grand_Prix
481,1982,15,Italian Grand Prix,Autodromo Nazionale di Monza,Monza,12/09/1982,http://en.wikipedia.org/wiki/1982_Italian_Grand_Prix
482,1982,16,Caesars Palace Grand Prix,Las Vegas Street Circuit,Nevada,25/09/1982,http://en.wikipedia.org/wiki/1982_Caesars_Palace_Grand_Prix
455,1983,4,Emilia Romagna Grand Prix,Autodromo Enzo e Dino Ferrari,Imola,01/05/1983,http://en.wikipedia.org/wiki/1983_San_Marino_Grand_Prix
456,1983,5,Monaco Grand Prix,Circuit de Monaco,Monte-Carlo,15/05/1983,http://en.wikipedia.org/wiki/1983_Monaco_Grand_Prix
457,1983,6,Belgian Grand Prix,Circuit de Spa-Francorchamps,Spa,22/05/1983,http://en.wikipedia.org/wiki/1983_Belgian_Grand_Prix
459,1983,8,Canadian Grand Prix,Circuit Gilles Villeneuve,Montreal,12/06/1983,http://en.wikipedia.org/wiki/1983_Canadian_Grand_Prix
460,1983,9,British Grand Prix,Silverstone Circuit,Silverstone,16/07/1983,http://en.wikipedia.org/wiki/1983_British_Grand_Prix
462,1983,11,Austrian Grand Prix,Red Bull Ring,Spielberg,14/08/1983,http://en.wikipedia.org/wiki/1983_Austrian_Grand_Prix
463,1983,12,Dutch Grand Prix,Circuit Park Zandvoort,Zandvoort,28/08/1983,http://en.wikipedia.org/wiki/1983_Dutch_Grand_Prix
464,1983,13,Italian Grand Prix,Autodromo Nazionale di Monza,Monza,11/09/1983,http://en.wikipedia.org/wiki/1983_Italian_Grand_Prix
439,1984,4,Emilia Romagna Grand Prix,Autodromo Enzo e Dino Ferrari,Imola,06/05/1984,http://en.wikipedia.org/wiki/1984_San_Marino_Grand_Prix
441,1984,6,Monaco Grand Prix,Circuit de Monaco,Monte-Carlo,03/06/1984,http://en.wikipedia.org/wiki/1984_Monaco_Grand_Prix
442,1984,7,Canadian Grand Prix,Circuit Gilles Villeneuve,Montreal,17/06/1984,http://en.wikipedia.org/wiki/1984_Canadian_Grand_Prix
447,1984,12,Austrian Grand Prix,Red Bull Ring,Spielberg,19/08/1984,http://en.wikipedia.org/wiki/1984_Austrian_Grand_Prix
448,1984,13,Dutch Grand Prix,Circuit Park Zandvoort,Zandvoort,26/08/1984,http://en.wikipedia.org/wiki/1984_Dutch_Grand_Prix
449,1984,14,Italian Grand Prix,Autodromo Nazionale di Monza,Monza,09/09/1984,http://en.wikipedia.org/wiki/1984_Italian_Grand_Prix
422,1985,3,Emilia Romagna Grand Prix,Autodromo Enzo e Dino Ferrari,Imola,05/05/1985,http://en.wikipedia.org/wiki/1985_San_Marino_Grand_Prix
423,1985,4,Monaco Grand Prix,Circuit de Monaco,Monte-Carlo,19/05/1985,http://en.wikipedia.org/wiki/1985_Monaco_Grand_Prix
424,1985,5,Canadian Grand Prix,Circuit Gilles Villeneuve,Montreal,16/06/1985,http://en.wikipedia.org/wiki/1985_Canadian_Grand_Prix
427,1985,8,British Grand Prix,Silverstone Circuit,Silverstone,21/07/1985,http://en.wikipedia.org/wiki/1985_British_Grand_Prix
429,1985,10,Austrian Grand Prix,Red Bull Ring,Spielberg,18/08/1985,http://en.wikipedia.org/wiki/1985_Austrian_Grand_Prix
430,1985,11,Dutch Grand Prix,Circuit Park Zandvoort,Zandvoort,25/08/1985,http://en.wikipedia.org/wiki/1985_Dutch_Grand_Prix
431,1985,12,Italian Grand Prix,Autodromo Nazionale di Monza,Monza,08/09/1985,http://en.wikipedia.org/wiki/1985_Italian_Grand_Prix
432,1985,13,Belgian Grand Prix,Circuit de Spa-Francorchamps,Spa,15/09/1985,http://en.wikipedia.org/wiki/1985_Belgian_Grand_Prix
406,1986,3,Emilia Romagna Grand Prix,Autodromo Enzo e Dino Ferrari,Imola,27/04/1986,http://en.wikipedia.org/wiki/1986_San_Marino_Grand_Prix
407,1986,4,Monaco Grand Prix,Circuit de Monaco,Monte-Carlo,11/05/1986,http://en.wikipedia.org/wiki/1986_Monaco_Grand_Prix
408,1986,5,Belgian Grand Prix,Circuit de Spa-Francorchamps,Spa,25/05/1986,http://en.wikipedia.org/wiki/1986_Belgian_Grand_Prix
409,1986,6,Canadian Grand Prix,Circuit Gilles Villeneuve,Montreal,15/06/1986,http://en.wikipedia.org/wiki/1986_Canadian_Grand_Prix
414,1986,11,Hungarian Grand Prix,Hungaroring,Budapest,10/08/1986,http://en.wikipedia.org/wiki/1986_Hungarian_Grand_Prix
415,1986,12,Austrian Grand Prix,Red Bull Ring,Spielberg,17/08/1986,http://en.wikipedia.org/wiki/1986_Austrian_Grand_Prix
416,1986,13,Italian Grand Prix,Autodromo Nazionale di Monza,Monza,07/09/1986,http://en.wikipedia.org/wiki/1986_Italian_Grand_Prix
418,1986,15,Mexico City Grand Prix,Autódromo Hermanos Rodríguez,Mexico City,12/10/1986,http://en.wikipedia.org/wiki/1986_Mexican_Grand_Prix
389,1987,2,Emilia Romagna Grand Prix,Autodromo Enzo e Dino Ferrari,Imola,03/05/1987,http://en.wikipedia.org/wiki/1987_San_Marino_Grand_Prix
390,1987,3,Belgian Grand Prix,Circuit de Spa-Francorchamps,Spa,17/05/1987,http://en.wikipedia.org/wiki/1987_Belgian_Grand_Prix
391,1987,4,Monaco Grand Prix,Circuit de Monaco,Monte-Carlo,31/05/1987,http://en.wikipedia.org/wiki/1987_Monaco_Grand_Prix
394,1987,7,British Grand Prix,Silverstone Circuit,Silverstone,12/07/1987,http://en.wikipedia.org/wiki/1987_British_Grand_Prix
396,1987,9,Hungarian Grand Prix,Hungaroring,Budapest,09/08/1987,http://en.wikipedia.org/wiki/1987_Hungarian_Grand_Prix
397,1987,10,Austrian Grand Prix,Red Bull Ring,Spielberg,16/08/1987,http://en.wikipedia.org/wiki/1987_Austrian_Grand_Prix
398,1987,11,Italian Grand Prix,Autodromo Nazionale di Monza,Monza,06/09/1987,http://en.wikipedia.org/wiki/1987_Italian_Grand_Prix
401,1987,14,Mexico City Grand Prix,Autódromo Hermanos Rodríguez,Mexico City,18/10/1987,http://en.wikipedia.org/wiki/1987_Mexican_Grand_Prix
402,1987,15,Japanese Grand Prix,Suzuka Circuit,Suzuka,01/11/1987,http://en.wikipedia.org/wiki/1987_Japanese_Grand_Prix
373,1988,2,Emilia Romagna Grand Prix,Autodromo Enzo e Dino Ferrari,Imola,01/05/1988,http://en.wikipedia.org/wiki/1988_San_Marino_Grand_Prix
374,1988,3,Monaco Grand Prix,Circuit de Monaco,Monte-Carlo,15/05/1988,http://en.wikipedia.org/wiki/1988_Monaco_Grand_Prix
375,1988,4,Mexico City Grand Prix,Autódromo Hermanos Rodríguez,Mexico City,29/05/1988,http://en.wikipedia.org/wiki/1988_Mexican_Grand_Prix
376,1988,5,Canadian Grand Prix,Circuit Gilles Villeneuve,Montreal,12/06/1988,http://en.wikipedia.org/wiki/1988_Canadian_Grand_Prix
379,1988,8,British Grand Prix,Silverstone Circuit,Silverstone,10/07/1988,http://en.wikipedia.org/wiki/1988_British_Grand_Prix
381,1988,10,Hungarian Grand Prix,Hungaroring,Budapest,07/08/1988,http://en.wikipedia.org/wiki/1988_Hungarian_Grand_Prix
382,1988,11,Belgian Grand Prix,Circuit de Spa-Francorchamps,Spa,28/08/1988,http://en.wikipedia.org/wiki/1988_Belgian_Grand_Prix
383,1988,12,Italian Grand Prix,Autodromo Nazionale di Monza,Monza,11/09/1988,http://en.wikipedia.org/wiki/1988_Italian_Grand_Prix
386,1988,15,Japanese Grand Prix,Suzuka Circuit,Suzuka,30/10/1988,http://en.wikipedia.org/wiki/1988_Japanese_Grand_Prix
357,1989,2,Emilia Romagna Grand Prix,Autodromo Enzo e Dino Ferrari,Imola,23/04/1989,http://en.wikipedia.org/wiki/1989_San_Marino_Grand_Prix
358,1989,3,Monaco Grand Prix,Circuit de Monaco,Monte-Carlo,07/05/1989,http://en.wikipedia.org/wiki/1989_Monaco_Grand_Prix
359,1989,4,Mexico City Grand Prix,Autódromo Hermanos Rodríguez,Mexico City,28/05/1989,http://en.wikipedia.org/wiki/1989_Mexican_Grand_Prix
361,1989,6,Canadian Grand Prix,Circuit Gilles Villeneuve,Montreal,18/06/1989,http://en.wikipedia.org/wiki/1989_Canadian_Grand_Prix
363,1989,8,British Grand Prix,Silverstone Circuit,Silverstone,16/07/1989,http://en.wikipedia.org/wiki/1989_British_Grand_Prix
365,1989,10,Hungarian Grand Prix,Hungaroring,Budapest,13/08/1989,http://en.wikipedia.org/wiki/1989_Hungarian_Grand_Prix
366,1989,11,Belgian Grand Prix,Circuit de Spa-Francorchamps,Spa,27/08/1989,http://en.wikipedia.org/wiki/1989_Belgian_Grand_Prix
367,1989,12,Italian Grand Prix,Autodromo Nazionale di Monza,Monza,10/09/1989,http://en.wikipedia.org/wiki/1989_Italian_Grand_Prix
370,1989,15,Japanese Grand Prix,Suzuka Circuit,Suzuka,22/10/1989,http://en.wikipedia.org/wiki/1989_Japanese_Grand_Prix
322,1990,2,São Paulo Grand Prix,Autódromo José Carlos Pace,São Paulo,25/03/1990,http://en.wikipedia.org/wiki/1990_Brazilian_Grand_Prix
323,1990,3,Emilia Romagna Grand Prix,Autodromo Enzo e Dino Ferrari,Imola,13/05/1990,http://en.wikipedia.org/wiki/1990_San_Marino_Grand_Prix
324,1990,4,Monaco Grand Prix,Circuit de Monaco,Monte-Carlo,27/05/1990,http://en.wikipedia.org/wiki/1990_Monaco_Grand_Prix
325,1990,5,Canadian Grand Prix,Circuit Gilles Villeneuve,Montreal,10/06/1990,http://en.wikipedia.org/wiki/1990_Canadian_Grand_Prix
326,1990,6,Mexico City Grand Prix,Autódromo Hermanos Rodríguez,Mexico City,24/06/1990,http://en.wikipedia.org/wiki/1990_Mexican_Grand_Prix
328,1990,8,British Grand Prix,Silverstone Circuit,Silverstone,15/07/1990,http://en.wikipedia.org/wiki/1990_British_Grand_Prix
330,1990,10,Hungarian Grand Prix,Hungaroring,Budapest,12/08/1990,http://en.wikipedia.org/wiki/1990_Hungarian_Grand_Prix
331,1990,11,Belgian Grand Prix,Circuit de Spa-Francorchamps,Spa,26/08/1990,http://en.wikipedia.org/wiki/1990_Belgian_Grand_Prix
332,1990,12,Italian Grand Prix,Autodromo Nazionale di Monza,Monza,09/09/1990,http://en.wikipedia.org/wiki/1990_Italian_Grand_Prix
335,1990,15,Japanese Grand Prix,Suzuka Circuit,Suzuka,21/10/1990,http://en.wikipedia.org/wiki/1990_Japanese_Grand_Prix
306,1991,2,São Paulo Grand Prix,Autódromo José Carlos Pace,São Paulo,24/03/1991,http://en.wikipedia.org/wiki/1991_Brazilian_Grand_Prix
307,1991,3,Emilia Romagna Grand Prix,Autodromo Enzo e Dino Ferrari,Imola,28/04/1991,http://en.wikipedia.org/wiki/1991_San_Marino_Grand_Prix
308,1991,4,Monaco Grand Prix,Circuit de Monaco,Monte-Carlo,12/05/1991,http://en.wikipedia.org/wiki/1991_Monaco_Grand_Prix
309,1991,5,Canadian Grand Prix,Circuit Gilles Villeneuve,Montreal,02/06/1991,http://en.wikipedia.org/wiki/1991_Canadian_Grand_Prix
310,1991,6,Mexico City Grand Prix,Autódromo Hermanos Rodríguez,Mexico City,16/06/1991,http://en.wikipedia.org/wiki/1991_Mexican_Grand_Prix
312,1991,8,British Grand Prix,Silverstone Circuit,Silverstone,14/07/1991,http://en.wikipedia.org/wiki/1991_British_Grand_Prix
314,1991,10,Hungarian Grand Prix,Hungaroring,Budapest,11/08/1991,http://en.wikipedia.org/wiki/1991_Hungarian_Grand_Prix
315,1991,11,Belgian Grand Prix,Circuit de Spa-Francorchamps,Spa,25/08/1991,http://en.wikipedia.org/wiki/1991_Belgian_Grand_Prix
316,1991,12,Italian Grand Prix,Autodromo Nazionale di Monza,Monza,08/09/1991,http://en.wikipedia.org/wiki/1991_Italian_Grand_Prix
318,1991,14,Spanish Grand Prix,Circuit de Barcelona-Catalunya,Montmeló,29/09/1991,http://en.wikipedia.org/wiki/1991_Spanish_Grand_Prix
319,1991,15,Japanese Grand Prix,Suzuka Circuit,Suzuka,20/10/1991,http://en.wikipedia.org/wiki/1991_Japanese_Grand_Prix
290,1992,2,Mexico City Grand Prix,Autódromo Hermanos Rodríguez,Mexico City,22/03/1992,http://en.wikipedia.org/wiki/1992_Mexican_Grand_Prix
291,1992,3,São Paulo Grand Prix,Autódromo José Carlos Pace,São Paulo,05/04/1992,http://en.wikipedia.org/wiki/1992_Brazilian_Grand_Prix
292,1992,4,Spanish Grand Prix,Circuit de Barcelona-Catalunya,Montmeló,03/05/1992,http://en.wikipedia.org/wiki/1992_Spanish_Grand_Prix
293,1992,5,Emilia Romagna Grand Prix,Autodromo Enzo e Dino Ferrari,Imola,17/05/1992,http://en.wikipedia.org/wiki/1992_San_Marino_Grand_Prix
294,1992,6,Monaco Grand Prix,Circuit de Monaco,Monte-Carlo,31/05/1992,http://en.wikipedia.org/wiki/1992_Monaco_Grand_Prix
295,1992,7,Canadian Grand Prix,Circuit Gilles Villeneuve,Montreal,14/06/1992,http://en.wikipedia.org/wiki/1992_Canadian_Grand_Prix
297,1992,9,British Grand Prix,Silverstone Circuit,Silverstone,12/07/1992,http://en.wikipedia.org/wiki/1992_British_Grand_Prix
299,1992,11,Hungarian Grand Prix,Hungaroring,Budapest,16/08/1992,http://en.wikipedia.org/wiki/1992_Hungarian_Grand_Prix
300,1992,12,Belgian Grand Prix,Circuit de Spa-Francorchamps,Spa,30/08/1992,http://en.wikipedia.org/wiki/1992_Belgian_Grand_Prix
301,1992,13,Italian Grand Prix,Autodromo Nazionale di Monza,Monza,13/09/1992,http://en.wikipedia.org/wiki/1992_Italian_Grand_Prix
303,1992,15,Japanese Grand Prix,Suzuka Circuit,Suzuka,25/10/1992,http://en.wikipedia.org/wiki/1992_Japanese_Grand_Prix
274,1993,2,São Paulo Grand Prix,Autódromo José Carlos Pace,São Paulo,28/03/1993,http://en.wikipedia.org/wiki/1993_Brazilian_Grand_Prix
276,1993,4,Emilia Romagna Grand Prix,Autodromo Enzo e Dino Ferrari,Imola,25/04/1993,http://en.wikipedia.org/wiki/1993_San_Marino_Grand_Prix
277,1993,5,Spanish Grand Prix,Circuit de Barcelona-Catalunya,Montmeló,09/05/1993,http://en.wikipedia.org/wiki/1993_Spanish_Grand_Prix
278,1993,6,Monaco Grand Prix,Circuit de Monaco,Monte-Carlo,23/05/1993,http://en.wikipedia.org/wiki/1993_Monaco_Grand_Prix
279,1993,7,Canadian Grand Prix,Circuit Gilles Villeneuve,Montreal,13/06/1993,http://en.wikipedia.org/wiki/1993_Canadian_Grand_Prix
281,1993,9,British Grand Prix,Silverstone Circuit,Silverstone,11/07/1993,http://en.wikipedia.org/wiki/1993_British_Grand_Prix
283,1993,11,Hungarian Grand Prix,Hungaroring,Budapest,15/08/1993,http://en.wikipedia.org/wiki/1993_Hungarian_Grand_Prix
284,1993,12,Belgian Grand Prix,Circuit de Spa-Francorchamps,Spa,29/08/1993,http://en.wikipedia.org/wiki/1993_Belgian_Grand_Prix
285,1993,13,Italian Grand Prix,Autodromo Nazionale di Monza,Monza,12/09/1993,http://en.wikipedia.org/wiki/1993_Italian_Grand_Prix
287,1993,15,Japanese Grand Prix,Suzuka Circuit,Suzuka,24/10/1993,http://en.wikipedia.org/wiki/1993_Japanese_Grand_Prix
257,1994,1,São Paulo Grand Prix,Autódromo José Carlos Pace,São Paulo,27/03/1994,http://en.wikipedia.org/wiki/1994_Brazilian_Grand_Prix
259,1994,3,Emilia Romagna Grand Prix,Autodromo Enzo e Dino Ferrari,Imola,01/05/1994,http://en.wikipedia.org/wiki/1994_San_Marino_Grand_Prix
260,1994,4,Monaco Grand Prix,Circuit de Monaco,Monte-Carlo,15/05/1994,http://en.wikipedia.org/wiki/1994_Monaco_Grand_Prix
261,1994,5,Spanish Grand Prix,Circuit de Barcelona-Catalunya,Montmeló,29/05/1994,http://en.wikipedia.org/wiki/1994_Spanish_Grand_Prix
262,1994,6,Canadian Grand Prix,Circuit Gilles Villeneuve,Montreal,12/06/1994,http://en.wikipedia.org/wiki/1994_Canadian_Grand_Prix
264,1994,8,British Grand Prix,Silverstone Circuit,Silverstone,10/07/1994,http://en.wikipedia.org/wiki/1994_British_Grand_Prix
266,1994,10,Hungarian Grand Prix,Hungaroring,Budapest,14/08/1994,http://en.wikipedia.org/wiki/1994_Hungarian_Grand_Prix
267,1994,11,Belgian Grand Prix,Circuit de Spa-Francorchamps,Spa,28/08/1994,http://en.wikipedia.org/wiki/1994_Belgian_Grand_Prix
268,1994,12,Italian Grand Prix,Autodromo Nazionale di Monza,Monza,11/09/1994,http://en.wikipedia.org/wiki/1994_Italian_Grand_Prix
271,1994,15,Japanese Grand Prix,Suzuka Circuit,Suzuka,06/11/1994,http://en.wikipedia.org/wiki/1994_Japanese_Grand_Prix
240,1995,1,São Paulo Grand Prix,Autódromo José Carlos Pace,São Paulo,26/03/1995,http://en.wikipedia.org/wiki/1995_Brazilian_Grand_Prix
242,1995,3,Emilia Romagna Grand Prix,Autodromo Enzo e Dino Ferrari,Imola,30/04/1995,http://en.wikipedia.org/wiki/1995_San_Marino_Grand_Prix
243,1995,4,Spanish Grand Prix,Circuit de Barcelona-Catalunya,Montmeló,14/05/1995,http://en.wikipedia.org/wiki/1995_Spanish_Grand_Prix
244,1995,5,Monaco Grand Prix,Circuit de Monaco,Monte-Carlo,28/05/1995,http://en.wikipedia.org/wiki/1995_Monaco_Grand_Prix
245,1995,6,Canadian Grand Prix,Circuit Gilles Villeneuve,Montreal,11/06/1995,http://en.wikipedia.org/wiki/1995_Canadian_Grand_Prix
247,1995,8,British Grand Prix,Silverstone Circuit,Silverstone,16/07/1995,http://en.wikipedia.org/wiki/1995_British_Grand_Prix
249,1995,10,Hungarian Grand Prix,Hungaroring,Budapest,13/08/1995,http://en.wikipedia.org/wiki/1995_Hungarian_Grand_Prix
250,1995,11,Belgian Grand Prix,Circuit de Spa-Francorchamps,Spa,27/08/1995,http://en.wikipedia.org/wiki/1995_Belgian_Grand_Prix
251,1995,12,Italian Grand Prix,Autodromo Nazionale di Monza,Monza,10/09/1995,http://en.wikipedia.org/wiki/1995_Italian_Grand_Prix
255,1995,16,Japanese Grand Prix,Suzuka Circuit,Suzuka,29/10/1995,http://en.wikipedia.org/wiki/1995_Japanese_Grand_Prix
224,1996,1,Australian Grand Prix,Albert Park Grand Prix Circuit,Melbourne,10/03/1996,http://en.wikipedia.org/wiki/1996_Australian_Grand_Prix
225,1996,2,São Paulo Grand Prix,Autódromo José Carlos Pace,São Paulo,31/03/1996,http://en.wikipedia.org/wiki/1996_Brazilian_Grand_Prix
228,1996,5,Emilia Romagna Grand Prix,Autodromo Enzo e Dino Ferrari,Imola,05/05/1996,http://en.wikipedia.org/wiki/1996_San_Marino_Grand_Prix
229,1996,6,Monaco Grand Prix,Circuit de Monaco,Monte-Carlo,19/05/1996,http://en.wikipedia.org/wiki/1996_Monaco_Grand_Prix
230,1996,7,Spanish Grand Prix,Circuit de Barcelona-Catalunya,Montmeló,02/06/1996,http://en.wikipedia.org/wiki/1996_Spanish_Grand_Prix
231,1996,8,Canadian Grand Prix,Circuit Gilles Villeneuve,Montreal,16/06/1996,http://en.wikipedia.org/wiki/1996_Canadian_Grand_Prix
233,1996,10,British Grand Prix,Silverstone Circuit,Silverstone,14/07/1996,http://en.wikipedia.org/wiki/1996_British_Grand_Prix
235,1996,12,Hungarian Grand Prix,Hungaroring,Budapest,11/08/1996,http://en.wikipedia.org/wiki/1996_Hungarian_Grand_Prix
236,1996,13,Belgian Grand Prix,Circuit de Spa-Francorchamps,Spa,25/08/1996,http://en.wikipedia.org/wiki/1996_Belgian_Grand_Prix
237,1996,14,Italian Grand Prix,Autodromo Nazionale di Monza,Monza,08/09/1996,http://en.wikipedia.org/wiki/1996_Italian_Grand_Prix
239,1996,16,Japanese Grand Prix,Suzuka Circuit,Suzuka,13/10/1996,http://en.wikipedia.org/wiki/1996_Japanese_Grand_Prix
207,1997,1,Australian Grand Prix,Albert Park Grand Prix Circuit,Melbourne,09/03/1997,http://en.wikipedia.org/wiki/1997_Australian_Grand_Prix
208,1997,2,São Paulo Grand Prix,Autódromo José Carlos Pace,São Paulo,30/03/1997,http://en.wikipedia.org/wiki/1997_Brazilian_Grand_Prix
210,1997,4,Emilia Romagna Grand Prix,Autodromo Enzo e Dino Ferrari,Imola,27/04/1997,http://en.wikipedia.org/wiki/1997_San_Marino_Grand_Prix
211,1997,5,Monaco Grand Prix,Circuit de Monaco,Monte-Carlo,11/05/1997,http://en.wikipedia.org/wiki/1997_Monaco_Grand_Prix
212,1997,6,Spanish Grand Prix,Circuit de Barcelona-Catalunya,Montmeló,25/05/1997,http://en.wikipedia.org/wiki/1997_Spanish_Grand_Prix
213,1997,7,Canadian Grand Prix,Circuit Gilles Villeneuve,Montreal,15/06/1997,http://en.wikipedia.org/wiki/1997_Canadian_Grand_Prix
215,1997,9,British Grand Prix,Silverstone Circuit,Silverstone,13/07/1997,http://en.wikipedia.org/wiki/1997_British_Grand_Prix
217,1997,11,Hungarian Grand Prix,Hungaroring,Budapest,10/08/1997,http://en.wikipedia.org/wiki/1997_Hungarian_Grand_Prix
218,1997,12,Belgian Grand Prix,Circuit de Spa-Francorchamps,Spa,24/08/1997,http://en.wikipedia.org/wiki/1997_Belgian_Grand_Prix
219,1997,13,Italian Grand Prix,Autodromo Nazionale di Monza,Monza,07/09/1997,http://en.wikipedia.org/wiki/1997_Italian_Grand_Prix
220,1997,14,Austrian Grand Prix,Red Bull Ring,Spielberg,21/09/1997,http://en.wikipedia.org/wiki/1997_Austrian_Grand_Prix
222,1997,16,Japanese Grand Prix,Suzuka Circuit,Suzuka,12/10/1997,http://en.wikipedia.org/wiki/1997_Japanese_Grand_Prix
191,1998,1,Australian Grand Prix,Albert Park Grand Prix Circuit,Melbourne,08/03/1998,http://en.wikipedia.org/wiki/1998_Australian_Grand_Prix
192,1998,2,São Paulo Grand Prix,Autódromo José Carlos Pace,São Paulo,29/03/1998,http://en.wikipedia.org/wiki/1998_Brazilian_Grand_Prix
194,1998,4,Emilia Romagna Grand Prix,Autodromo Enzo e Dino Ferrari,Imola,26/04/1998,http://en.wikipedia.org/wiki/1998_San_Marino_Grand_Prix
195,1998,5,Spanish Grand Prix,Circuit de Barcelona-Catalunya,Montmeló,10/05/1998,http://en.wikipedia.org/wiki/1998_Spanish_Grand_Prix
196,1998,6,Monaco Grand Prix,Circuit de Monaco,Monte-Carlo,24/05/1998,http://en.wikipedia.org/wiki/1998_Monaco_Grand_Prix
197,1998,7,Canadian Grand Prix,Circuit Gilles Villeneuve,Montreal,07/06/1998,http://en.wikipedia.org/wiki/1998_Canadian_Grand_Prix
199,1998,9,British Grand Prix,Silverstone Circuit,Silverstone,12/07/1998,http://en.wikipedia.org/wiki/1998_British_Grand_Prix
200,1998,10,Austrian Grand Prix,Red Bull Ring,Spielberg,26/07/1998,http://en.wikipedia.org/wiki/1998_Austrian_Grand_Prix
202,1998,12,Hungarian Grand Prix,Hungaroring,Budapest,16/08/1998,http://en.wikipedia.org/wiki/1998_Hungarian_Grand_Prix
203,1998,13,Belgian Grand Prix,Circuit de Spa-Francorchamps,Spa,30/08/1998,http://en.wikipedia.org/wiki/1998_Belgian_Grand_Prix
204,1998,14,Italian Grand Prix,Autodromo Nazionale di Monza,Monza,13/09/1998,http://en.wikipedia.org/wiki/1998_Italian_Grand_Prix
206,1998,16,Japanese Grand Prix,Suzuka Circuit,Suzuka,01/11/1998,http://en.wikipedia.org/wiki/1998_Japanese_Grand_Prix
175,1999,1,Australian Grand Prix,Albert Park Grand Prix Circuit,Melbourne,07/03/1999,http://en.wikipedia.org/wiki/1999_Australian_Grand_Prix
176,1999,2,São Paulo Grand Prix,Autódromo José Carlos Pace,São Paulo,11/04/1999,http://en.wikipedia.org/wiki/1999_Brazilian_Grand_Prix
177,1999,3,Emilia Romagna Grand Prix,Autodromo Enzo e Dino Ferrari,Imola,02/05/1999,http://en.wikipedia.org/wiki/1999_San_Marino_Grand_Prix
178,1999,4,Monaco Grand Prix,Circuit de Monaco,Monte-Carlo,16/05/1999,http://en.wikipedia.org/wiki/1999_Monaco_Grand_Prix
179,1999,5,Spanish Grand Prix,Circuit de Barcelona-Catalunya,Montmeló,30/05/1999,http://en.wikipedia.org/wiki/1999_Spanish_Grand_Prix
180,1999,6,Canadian Grand Prix,Circuit Gilles Villeneuve,Montreal,13/06/1999,http://en.wikipedia.org/wiki/1999_Canadian_Grand_Prix
182,1999,8,British Grand Prix,Silverstone Circuit,Silverstone,11/07/1999,http://en.wikipedia.org/wiki/1999_British_Grand_Prix
183,1999,9,Austrian Grand Prix,Red Bull Ring,Spielberg,25/07/1999,http://en.wikipedia.org/wiki/1999_Austrian_Grand_Prix
185,1999,11,Hungarian Grand Prix,Hungaroring,Budapest,15/08/1999,http://en.wikipedia.org/wiki/1999_Hungarian_Grand_Prix
186,1999,12,Belgian Grand Prix,Circuit de Spa-Francorchamps,Spa,29/08/1999,http://en.wikipedia.org/wiki/1999_Belgian_Grand_Prix
187,1999,13,Italian Grand Prix,Autodromo Nazionale di Monza,Monza,12/09/1999,http://en.wikipedia.org/wiki/1999_Italian_Grand_Prix
190,1999,16,Japanese Grand Prix,Suzuka Circuit,Suzuka,31/10/1999,http://en.wikipedia.org/wiki/1999_Japanese_Grand_Prix
158,2000,1,Australian Grand Prix,Albert Park Grand Prix Circuit,Melbourne,12/03/2000,http://en.wikipedia.org/wiki/2000_Australian_Grand_Prix
159,2000,2,São Paulo Grand Prix,Autódromo José Carlos Pace,São Paulo,26/03/2000,http://en.wikipedia.org/wiki/2000_Brazilian_Grand_Prix
160,2000,3,Emilia Romagna Grand Prix,Autodromo Enzo e Dino Ferrari,Imola,09/04/2000,http://en.wikipedia.org/wiki/2000_San_Marino_Grand_Prix
161,2000,4,British Grand Prix,Silverstone Circuit,Silverstone,23/04/2000,http://en.wikipedia.org/wiki/2000_British_Grand_Prix
162,2000,5,Spanish Grand Prix,Circuit de Barcelona-Catalunya,Montmeló,07/05/2000,http://en.wikipedia.org/wiki/2000_Spanish_Grand_Prix
164,2000,7,Monaco Grand Prix,Circuit de Monaco,Monte-Carlo,04/06/2000,http://en.wikipedia.org/wiki/2000_Monaco_Grand_Prix
165,2000,8,Canadian Grand Prix,Circuit Gilles Villeneuve,Montreal,18/06/2000,http://en.wikipedia.org/wiki/2000_Canadian_Grand_Prix
167,2000,10,Austrian Grand Prix,Red Bull Ring,Spielberg,16/07/2000,http://en.wikipedia.org/wiki/2000_Austrian_Grand_Prix
169,2000,12,Hungarian Grand Prix,Hungaroring,Budapest,13/08/2000,http://en.wikipedia.org/wiki/2000_Hungarian_Grand_Prix
170,2000,13,Belgian Grand Prix,Circuit de Spa-Francorchamps,Spa,27/08/2000,http://en.wikipedia.org/wiki/2000_Belgian_Grand_Prix
171,2000,14,Italian Grand Prix,Autodromo Nazionale di Monza,Monza,10/09/2000,http://en.wikipedia.org/wiki/2000_Italian_Grand_Prix
173,2000,16,Japanese Grand Prix,Suzuka Circuit,Suzuka,08/10/2000,http://en.wikipedia.org/wiki/2000_Japanese_Grand_Prix
141,2001,1,Australian Grand Prix,Albert Park Grand Prix Circuit,Melbourne,04/03/2001,http://en.wikipedia.org/wiki/2001_Australian_Grand_Prix
143,2001,3,São Paulo Grand Prix,Autódromo José Carlos Pace,São Paulo,01/04/2001,http://en.wikipedia.org/wiki/2001_Brazilian_Grand_Prix
144,2001,4,Emilia Romagna Grand Prix,Autodromo Enzo e Dino Ferrari,Imola,15/04/2001,http://en.wikipedia.org/wiki/2001_San_Marino_Grand_Prix
145,2001,5,Spanish Grand Prix,Circuit de Barcelona-Catalunya,Montmeló,29/04/2001,http://en.wikipedia.org/wiki/2001_Spanish_Grand_Prix
146,2001,6,Austrian Grand Prix,Red Bull Ring,Spielberg,13/05/2001,http://en.wikipedia.org/wiki/2001_Austrian_Grand_Prix
147,2001,7,Monaco Grand Prix,Circuit de Monaco,Monte-Carlo,27/05/2001,http://en.wikipedia.org/wiki/2001_Monaco_Grand_Prix
148,2001,8,Canadian Grand Prix,Circuit Gilles Villeneuve,Montreal,10/06/2001,http://en.wikipedia.org/wiki/2001_Canadian_Grand_Prix
151,2001,11,British Grand Prix,Silverstone Circuit,Silverstone,15/07/2001,http://en.wikipedia.org/wiki/2001_British_Grand_Prix
153,2001,13,Hungarian Grand Prix,Hungaroring,Budapest,19/08/2001,http://en.wikipedia.org/wiki/2001_Hungarian_Grand_Prix
154,2001,14,Belgian Grand Prix,Circuit de Spa-Francorchamps,Spa,02/09/2001,http://en.wikipedia.org/wiki/2001_Belgian_Grand_Prix
155,2001,15,Italian Grand Prix,Autodromo Nazionale di Monza,Monza,16/09/2001,http://en.wikipedia.org/wiki/2001_Italian_Grand_Prix
157,2001,17,Japanese Grand Prix,Suzuka Circuit,Suzuka,14/10/2001,http://en.wikipedia.org/wiki/2001_Japanese_Grand_Prix
124,2002,1,Australian Grand Prix,Albert Park Grand Prix Circuit,Melbourne,03/03/2002,http://en.wikipedia.org/wiki/2002_Australian_Grand_Prix
126,2002,3,São Paulo Grand Prix,Autódromo José Carlos Pace,São Paulo,31/03/2002,http://en.wikipedia.org/wiki/2002_Brazilian_Grand_Prix
127,2002,4,Emilia Romagna Grand Prix,Autodromo Enzo e Dino Ferrari,Imola,14/04/2002,http://en.wikipedia.org/wiki/2002_San_Marino_Grand_Prix
128,2002,5,Spanish Grand Prix,Circuit de Barcelona-Catalunya,Montmeló,28/04/2002,http://en.wikipedia.org/wiki/2002_Spanish_Grand_Prix
129,2002,6,Austrian Grand Prix,Red Bull Ring,Spielberg,12/05/2002,http://en.wikipedia.org/wiki/2002_Austrian_Grand_Prix
130,2002,7,Monaco Grand Prix,Circuit de Monaco,Monte-Carlo,26/05/2002,http://en.wikipedia.org/wiki/2002_Monaco_Grand_Prix
131,2002,8,Canadian Grand Prix,Circuit Gilles Villeneuve,Montreal,09/06/2002,http://en.wikipedia.org/wiki/2002_Canadian_Grand_Prix
133,2002,10,British Grand Prix,Silverstone Circuit,Silverstone,07/07/2002,http://en.wikipedia.org/wiki/2002_British_Grand_Prix
136,2002,13,Hungarian Grand Prix,Hungaroring,Budapest,18/08/2002,http://en.wikipedia.org/wiki/2002_Hungarian_Grand_Prix
137,2002,14,Belgian Grand Prix,Circuit de Spa-Francorchamps,Spa,01/09/2002,http://en.wikipedia.org/wiki/2002_Belgian_Grand_Prix
138,2002,15,Italian Grand Prix,Autodromo Nazionale di Monza,Monza,15/09/2002,http://en.wikipedia.org/wiki/2002_Italian_Grand_Prix
140,2002,17,Japanese Grand Prix,Suzuka Circuit,Suzuka,13/10/2002,http://en.wikipedia.org/wiki/2002_Japanese_Grand_Prix
108,2003,1,Australian Grand Prix,Albert Park Grand Prix Circuit,Melbourne,09/03/2003,http://en.wikipedia.org/wiki/2003_Australian_Grand_Prix
110,2003,3,São Paulo Grand Prix,Autódromo José Carlos Pace,São Paulo,06/04/2003,http://en.wikipedia.org/wiki/2003_Brazilian_Grand_Prix
111,2003,4,Emilia Romagna Grand Prix,Autodromo Enzo e Dino Ferrari,Imola,20/04/2003,http://en.wikipedia.org/wiki/2003_San_Marino_Grand_Prix
112,2003,5,Spanish Grand Prix,Circuit de Barcelona-Catalunya,Montmeló,04/05/2003,http://en.wikipedia.org/wiki/2003_Spanish_Grand_Prix
113,2003,6,Austrian Grand Prix,Red Bull Ring,Spielberg,18/05/2003,http://en.wikipedia.org/wiki/2003_Austrian_Grand_Prix
114,2003,7,Monaco Grand Prix,Circuit de Monaco,Monte-Carlo,01/06/2003,http://en.wikipedia.org/wiki/2003_Monaco_Grand_Prix
115,2003,8,Canadian Grand Prix,Circuit Gilles Villeneuve,Montreal,15/06/2003,http://en.wikipedia.org/wiki/2003_Canadian_Grand_Prix
118,2003,11,British Grand Prix,Silverstone Circuit,Silverstone,20/07/2003,http://en.wikipedia.org/wiki/2003_British_Grand_Prix
120,2003,13,Hungarian Grand Prix,Hungaroring,Budapest,24/08/2003,http://en.wikipedia.org/wiki/2003_Hungarian_Grand_Prix
121,2003,14,Italian Grand Prix,Autodromo Nazionale di Monza,Monza,14/09/2003,http://en.wikipedia.org/wiki/2003_Italian_Grand_Prix
123,2003,16,Japanese Grand Prix,Suzuka Circuit,Suzuka,12/10/2003,http://en.wikipedia.org/wiki/2003_Japanese_Grand_Prix
90,2004,1,Australian Grand Prix,Albert Park Grand Prix Circuit,Melbourne,07/03/2004,http://en.wikipedia.org/wiki/2004_Australian_Grand_Prix
92,2004,3,Bahrain Grand Prix,Bahrain International Circuit,Sakhir,04/04/2004,http://en.wikipedia.org/wiki/2004_Bahrain_Grand_Prix
93,2004,4,Emilia Romagna Grand Prix,Autodromo Enzo e Dino Ferrari,Imola,25/04/2004,http://en.wikipedia.org/wiki/2004_San_Marino_Grand_Prix
94,2004,5,Spanish Grand Prix,Circuit de Barcelona-Catalunya,Montmeló,09/05/2004,http://en.wikipedia.org/wiki/2004_Spanish_Grand_Prix
95,2004,6,Monaco Grand Prix,Circuit de Monaco,Monte-Carlo,23/05/2004,http://en.wikipedia.org/wiki/2004_Monaco_Grand_Prix
97,2004,8,Canadian Grand Prix,Circuit Gilles Villeneuve,Montreal,13/06/2004,http://en.wikipedia.org/wiki/2004_Canadian_Grand_Prix
100,2004,11,British Grand Prix,Silverstone Circuit,Silverstone,11/07/2004,http://en.wikipedia.org/wiki/2004_British_Grand_Prix
102,2004,13,Hungarian Grand Prix,Hungaroring,Budapest,15/08/2004,http://en.wikipedia.org/wiki/2004_Hungarian_Grand_Prix
103,2004,14,Belgian Grand Prix,Circuit de Spa-Francorchamps,Spa,29/08/2004,http://en.wikipedia.org/wiki/2004_Belgian_Grand_Prix
104,2004,15,Italian Grand Prix,Autodromo Nazionale di Monza,Monza,12/09/2004,http://en.wikipedia.org/wiki/2004_Italian_Grand_Prix
106,2004,17,Japanese Grand Prix,Suzuka Circuit,Suzuka,10/10/2004,http://en.wikipedia.org/wiki/2004_Japanese_Grand_Prix
107,2004,18,São Paulo Grand Prix,Autódromo José Carlos Pace,São Paulo,24/10/2004,http://en.wikipedia.org/wiki/2004_Brazilian_Grand_Prix
71,2005,1,Australian Grand Prix,Albert Park Grand Prix Circuit,Melbourne,06/03/2005,http://en.wikipedia.org/wiki/2005_Australian_Grand_Prix
73,2005,3,Bahrain Grand Prix,Bahrain International Circuit,Sakhir,03/04/2005,http://en.wikipedia.org/wiki/2005_Bahrain_Grand_Prix
74,2005,4,Emilia Romagna Grand Prix,Autodromo Enzo e Dino Ferrari,Imola,24/04/2005,http://en.wikipedia.org/wiki/2005_San_Marino_Grand_Prix
75,2005,5,Spanish Grand Prix,Circuit de Barcelona-Catalunya,Montmeló,08/05/2005,http://en.wikipedia.org/wiki/2005_Spanish_Grand_Prix
76,2005,6,Monaco Grand Prix,Circuit de Monaco,Monte-Carlo,22/05/2005,http://en.wikipedia.org/wiki/2005_Monaco_Grand_Prix
78,2005,8,Canadian Grand Prix,Circuit Gilles Villeneuve,Montreal,12/06/2005,http://en.wikipedia.org/wiki/2005_Canadian_Grand_Prix
81,2005,11,British Grand Prix,Silverstone Circuit,Silverstone,10/07/2005,http://en.wikipedia.org/wiki/2005_British_Grand_Prix
83,2005,13,Hungarian Grand Prix,Hungaroring,Budapest,31/07/2005,http://en.wikipedia.org/wiki/2005_Hungarian_Grand_Prix
85,2005,15,Italian Grand Prix,Autodromo Nazionale di Monza,Monza,04/09/2005,http://en.wikipedia.org/wiki/2005_Italian_Grand_Prix
86,2005,16,Belgian Grand Prix,Circuit de Spa-Francorchamps,Spa,11/09/2005,http://en.wikipedia.org/wiki/2005_Belgian_Grand_Prix
87,2005,17,São Paulo Grand Prix,Autódromo José Carlos Pace,São Paulo,25/09/2005,http://en.wikipedia.org/wiki/2005_Brazilian_Grand_Prix
88,2005,18,Japanese Grand Prix,Suzuka Circuit,Suzuka,09/10/2005,http://en.wikipedia.org/wiki/2005_Japanese_Grand_Prix
53,2006,1,Bahrain Grand Prix,Bahrain International Circuit,Sakhir,12/03/2006,http://en.wikipedia.org/wiki/2006_Bahrain_Grand_Prix
55,2006,3,Australian Grand Prix,Albert Park Grand Prix Circuit,Melbourne,02/04/2006,http://en.wikipedia.org/wiki/2006_Australian_Grand_Prix
56,2006,4,Emilia Romagna Grand Prix,Autodromo Enzo e Dino Ferrari,Imola,23/04/2006,http://en.wikipedia.org/wiki/2006_San_Marino_Grand_Prix
58,2006,6,Spanish Grand Prix,Circuit de Barcelona-Catalunya,Montmeló,14/05/2006,http://en.wikipedia.org/wiki/2006_Spanish_Grand_Prix
59,2006,7,Monaco Grand Prix,Circuit de Monaco,Monte-Carlo,28/05/2006,http://en.wikipedia.org/wiki/2006_Monaco_Grand_Prix
60,2006,8,British Grand Prix,Silverstone Circuit,Silverstone,11/06/2006,http://en.wikipedia.org/wiki/2006_British_Grand_Prix
61,2006,9,Canadian Grand Prix,Circuit Gilles Villeneuve,Montreal,25/06/2006,http://en.wikipedia.org/wiki/2006_Canadian_Grand_Prix
65,2006,13,Hungarian Grand Prix,Hungaroring,Budapest,06/08/2006,http://en.wikipedia.org/wiki/2006_Hungarian_Grand_Prix
67,2006,15,Italian Grand Prix,Autodromo Nazionale di Monza,Monza,10/09/2006,http://en.wikipedia.org/wiki/2006_Italian_Grand_Prix
69,2006,17,Japanese Grand Prix,Suzuka Circuit,Suzuka,08/10/2006,http://en.wikipedia.org/wiki/2006_Japanese_Grand_Prix
70,2006,18,São Paulo Grand Prix,Autódromo José Carlos Pace,São Paulo,22/10/2006,http://en.wikipedia.org/wiki/2006_Brazilian_Grand_Prix
36,2007,1,Australian Grand Prix,Albert Park Grand Prix Circuit,Melbourne,18/03/2007,http://en.wikipedia.org/wiki/2007_Australian_Grand_Prix
38,2007,3,Bahrain Grand Prix,Bahrain International Circuit,Sakhir,15/04/2007,http://en.wikipedia.org/wiki/2007_Bahrain_Grand_Prix
39,2007,4,Spanish Grand Prix,Circuit de Barcelona-Catalunya,Montmeló,13/05/2007,http://en.wikipedia.org/wiki/2007_Spanish_Grand_Prix
40,2007,5,Monaco Grand Prix,Circuit de Monaco,Monte-Carlo,27/05/2007,http://en.wikipedia.org/wiki/2007_Monaco_Grand_Prix
41,2007,6,Canadian Grand Prix,Circuit Gilles Villeneuve,Montreal,10/06/2007,http://en.wikipedia.org/wiki/2007_Canadian_Grand_Prix
44,2007,9,British Grand Prix,Silverstone Circuit,Silverstone,08/07/2007,http://en.wikipedia.org/wiki/2007_British_Grand_Prix
46,2007,11,Hungarian Grand Prix,Hungaroring,Budapest,05/08/2007,http://en.wikipedia.org/wiki/2007_Hungarian_Grand_Prix
48,2007,13,Italian Grand Prix,Autodromo Nazionale di Monza,Monza,09/09/2007,http://en.wikipedia.org/wiki/2007_Italian_Grand_Prix
49,2007,14,Belgian Grand Prix,Circuit de Spa-Francorchamps,Spa,16/09/2007,http://en.wikipedia.org/wiki/2007_Belgian_Grand_Prix
52,2007,17,São Paulo Grand Prix,Autódromo José Carlos Pace,São Paulo,21/10/2007,http://en.wikipedia.org/wiki/2007_Brazilian_Grand_Prix
18,2008,1,Australian Grand Prix,Albert Park Grand Prix Circuit,Melbourne,16/03/2008,http://en.wikipedia.org/wiki/2008_Australian_Grand_Prix
20,2008,3,Bahrain Grand Prix,Bahrain International Circuit,Sakhir,06/04/2008,http://en.wikipedia.org/wiki/2008_Bahrain_Grand_Prix
21,2008,4,Spanish Grand Prix,Circuit de Barcelona-Catalunya,Montmeló,27/04/2008,http://en.wikipedia.org/wiki/2008_Spanish_Grand_Prix
23,2008,6,Monaco Grand Prix,Circuit de Monaco,Monte-Carlo,25/05/2008,http://en.wikipedia.org/wiki/2008_Monaco_Grand_Prix
24,2008,7,Canadian Grand Prix,Circuit Gilles Villeneuve,Montreal,08/06/2008,http://en.wikipedia.org/wiki/2008_Canadian_Grand_Prix
26,2008,9,British Grand Prix,Silverstone Circuit,Silverstone,06/07/2008,http://en.wikipedia.org/wiki/2008_British_Grand_Prix
28,2008,11,Hungarian Grand Prix,Hungaroring,Budapest,03/08/2008,http://en.wikipedia.org/wiki/2008_Hungarian_Grand_Prix
30,2008,13,Belgian Grand Prix,Circuit de Spa-Francorchamps,Spa,07/09/2008,http://en.wikipedia.org/wiki/2008_Belgian_Grand_Prix
31,2008,14,Italian Grand Prix,Autodromo Nazionale di Monza,Monza,14/09/2008,http://en.wikipedia.org/wiki/2008_Italian_Grand_Prix
32,2008,15,Singapore Grand Prix,Marina Bay Street Circuit,Marina Bay,28/09/2008,http://en.wikipedia.org/wiki/2008_Singapore_Grand_Prix
35,2008,18,São Paulo Grand Prix,Autódromo José Carlos Pace,São Paulo,02/11/2008,http://en.wikipedia.org/wiki/2008_Brazilian_Grand_Prix
1,2009,1,Australian Grand Prix,Albert Park Grand Prix Circuit,Melbourne,29/03/2009,http://en.wikipedia.org/wiki/2009_Australian_Grand_Prix
4,2009,4,Bahrain Grand Prix,Bahrain International Circuit,Sakhir,26/04/2009,http://en.wikipedia.org/wiki/2009_Bahrain_Grand_Prix
5,2009,5,Spanish Grand Prix,Circuit de Barcelona-Catalunya,Montmeló,10/05/2009,http://en.wikipedia.org/wiki/2009_Spanish_Grand_Prix
6,2009,6,Monaco Grand Prix,Circuit de Monaco,Monte-Carlo,24/05/2009,http://en.wikipedia.org/wiki/2009_Monaco_Grand_Prix
8,2009,8,British Grand Prix,Silverstone Circuit,Silverstone,21/06/2009,http://en.wikipedia.org/wiki/2009_British_Grand_Prix
10,2009,10,Hungarian Grand Prix,Hungaroring,Budapest,26/07/2009,http://en.wikipedia.org/wiki/2009_Hungarian_Grand_Prix
12,2009,12,Belgian Grand Prix,Circuit de Spa-Francorchamps,Spa,30/08/2009,http://en.wikipedia.org/wiki/2009_Belgian_Grand_Prix
13,2009,13,Italian Grand Prix,Autodromo Nazionale di Monza,Monza,13/09/2009,http://en.wikipedia.org/wiki/2009_Italian_Grand_Prix
14,2009,14,Singapore Grand Prix,Marina Bay Street Circuit,Marina Bay,27/09/2009,http://en.wikipedia.org/wiki/2009_Singapore_Grand_Prix
15,2009,15,Japanese Grand Prix,Suzuka Circuit,Suzuka,04/10/2009,http://en.wikipedia.org/wiki/2009_Japanese_Grand_Prix
16,2009,16,São Paulo Grand Prix,Autódromo José Carlos Pace,São Paulo,18/10/2009,http://en.wikipedia.org/wiki/2009_Brazilian_Grand_Prix
17,2009,17,Abu Dhabi Grand Prix,Yas Marina Circuit,Abu Dhabi,01/11/2009,http://en.wikipedia.org/wiki/2009_Abu_Dhabi_Grand_Prix
337,2010,1,Bahrain Grand Prix,Bahrain International Circuit,Sakhir,14/03/2010,http://en.wikipedia.org/wiki/2010_Bahrain_Grand_Prix
338,2010,2,Australian Grand Prix,Albert Park Grand Prix Circuit,Melbourne,28/03/2010,http://en.wikipedia.org/wiki/2010_Australian_Grand_Prix
341,2010,5,Spanish Grand Prix,Circuit de Barcelona-Catalunya,Montmeló,09/05/2010,http://en.wikipedia.org/wiki/2010_Spanish_Grand_Prix
342,2010,6,Monaco Grand Prix,Circuit de Monaco,Monte-Carlo,16/05/2010,http://en.wikipedia.org/wiki/2010_Monaco_Grand_Prix
344,2010,8,Canadian Grand Prix,Circuit Gilles Villeneuve,Montreal,13/06/2010,http://en.wikipedia.org/wiki/2010_Canadian_Grand_Prix
346,2010,10,British Grand Prix,Silverstone Circuit,Silverstone,11/07/2010,http://en.wikipedia.org/wiki/2010_British_Grand_Prix
348,2010,12,Hungarian Grand Prix,Hungaroring,Budapest,01/08/2010,http://en.wikipedia.org/wiki/2010_Hungarian_Grand_Prix
349,2010,13,Belgian Grand Prix,Circuit de Spa-Francorchamps,Spa,29/08/2010,http://en.wikipedia.org/wiki/2010_Belgian_Grand_Prix
350,2010,14,Italian Grand Prix,Autodromo Nazionale di Monza,Monza,12/09/2010,http://en.wikipedia.org/wiki/2010_Italian_Grand_Prix
351,2010,15,Singapore Grand Prix,Marina Bay Street Circuit,Marina Bay,26/09/2010,http://en.wikipedia.org/wiki/2010_Singapore_Grand_Prix
352,2010,16,Japanese Grand Prix,Suzuka Circuit,Suzuka,10/10/2010,http://en.wikipedia.org/wiki/2010_Japanese_Grand_Prix
354,2010,18,São Paulo Grand Prix,Autódromo José Carlos Pace,São Paulo,07/11/2010,http://en.wikipedia.org/wiki/2010_Brazilian_Grand_Prix
355,2010,19,Abu Dhabi Grand Prix,Yas Marina Circuit,Abu Dhabi,14/11/2010,http://en.wikipedia.org/wiki/2010_Abu_Dhabi_Grand_Prix
841,2011,1,Australian Grand Prix,Albert Park Grand Prix Circuit,Melbourne,27/03/2011,http://en.wikipedia.org/wiki/2011_Australian_Grand_Prix
845,2011,5,Spanish Grand Prix,Circuit de Barcelona-Catalunya,Montmeló,22/05/2011,http://en.wikipedia.org/wiki/2011_Spanish_Grand_Prix
846,2011,6,Monaco Grand Prix,Circuit de Monaco,Monte-Carlo,29/05/2011,http://en.wikipedia.org/wiki/2011_Monaco_Grand_Prix
847,2011,7,Canadian Grand Prix,Circuit Gilles Villeneuve,Montreal,12/06/2011,http://en.wikipedia.org/wiki/2011_Canadian_Grand_Prix
849,2011,9,British Grand Prix,Silverstone Circuit,Silverstone,10/07/2011,http://en.wikipedia.org/wiki/2011_British_Grand_Prix
851,2011,11,Hungarian Grand Prix,Hungaroring,Budapest,31/07/2011,http://en.wikipedia.org/wiki/2011_Hungarian_Grand_Prix
852,2011,12,Belgian Grand Prix,Circuit de Spa-Francorchamps,Spa,28/08/2011,http://en.wikipedia.org/wiki/2011_Belgian_Grand_Prix
853,2011,13,Italian Grand Prix,Autodromo Nazionale di Monza,Monza,11/09/2011,http://en.wikipedia.org/wiki/2011_Italian_Grand_Prix
854,2011,14,Singapore Grand Prix,Marina Bay Street Circuit,Marina Bay,25/09/2011,http://en.wikipedia.org/wiki/2011_Singapore_Grand_Prix
855,2011,15,Japanese Grand Prix,Suzuka Circuit,Suzuka,09/10/2011,http://en.wikipedia.org/wiki/2011_Japanese_Grand_Prix
858,2011,18,Abu Dhabi Grand Prix,Yas Marina Circuit,Abu Dhabi,13/11/2011,http://en.wikipedia.org/wiki/2011_Abu_Dhabi_Grand_Prix
859,2011,19,São Paulo Grand Prix,Autódromo José Carlos Pace,São Paulo,27/11/2011,http://en.wikipedia.org/wiki/2011_Brazilian_Grand_Prix
860,2012,1,Australian Grand Prix,Albert Park Grand Prix Circuit,Melbourne,18/03/2012,http://en.wikipedia.org/wiki/2012_Australian_Grand_Prix
863,2012,4,Bahrain Grand Prix,Bahrain International Circuit,Sakhir,22/04/2012,http://en.wikipedia.org/wiki/2012_Bahrain_Grand_Prix
864,2012,5,Spanish Grand Prix,Circuit de Barcelona-Catalunya,Montmeló,13/05/2012,http://en.wikipedia.org/wiki/2012_Spanish_Grand_Prix
865,2012,6,Monaco Grand Prix,Circuit de Monaco,Monte-Carlo,27/05/2012,http://en.wikipedia.org/wiki/2012_Monaco_Grand_Prix
866,2012,7,Canadian Grand Prix,Circuit Gilles Villeneuve,Montreal,10/06/2012,http://en.wikipedia.org/wiki/2012_Canadian_Grand_Prix
868,2012,9,British Grand Prix,Silverstone Circuit,Silverstone,08/07/2012,http://en.wikipedia.org/wiki/2012_British_Grand_Prix
870,2012,11,Hungarian Grand Prix,Hungaroring,Budapest,29/07/2012,http://en.wikipedia.org/wiki/2012_Hungarian_Grand_Prix
871,2012,12,Belgian Grand Prix,Circuit de Spa-Francorchamps,Spa,02/09/2012,http://en.wikipedia.org/wiki/2012_Belgian_Grand_Prix
872,2012,13,Italian Grand Prix,Autodromo Nazionale di Monza,Monza,09/09/2012,http://en.wikipedia.org/wiki/2012_Italian_Grand_Prix
873,2012,14,Singapore Grand Prix,Marina Bay Street Circuit,Marina Bay,23/09/2012,http://en.wikipedia.org/wiki/2012_Singapore_Grand_Prix
874,2012,15,Japanese Grand Prix,Suzuka Circuit,Suzuka,07/10/2012,http://en.wikipedia.org/wiki/2012_Japanese_Grand_Prix
877,2012,18,Abu Dhabi Grand Prix,Yas Marina Circuit,Abu Dhabi,04/11/2012,http://en.wikipedia.org/wiki/2012_Abu_Dhabi_Grand_Prix
878,2012,19,United States Grand Prix,Circuit of the Americas,Austin,18/11/2012,http://en.wikipedia.org/wiki/2012_United_States_Grand_Prix
879,2012,20,São Paulo Grand Prix,Autódromo José Carlos Pace,São Paulo,25/11/2012,http://en.wikipedia.org/wiki/2012_Brazilian_Grand_Prix
880,2013,1,Australian Grand Prix,Albert Park Grand Prix Circuit,Melbourne,17/03/2013,http://en.wikipedia.org/wiki/2013_Australian_Grand_Prix
883,2013,4,Bahrain Grand Prix,Bahrain International Circuit,Sakhir,21/04/2013,http://en.wikipedia.org/wiki/2013_Bahrain_Grand_Prix
884,2013,5,Spanish Grand Prix,Circuit de Barcelona-Catalunya,Montmeló,12/05/2013,http://en.wikipedia.org/wiki/2013_Spanish_Grand_Prix
885,2013,6,Monaco Grand Prix,Circuit de Monaco,Monte-Carlo,26/05/2013,http://en.wikipedia.org/wiki/2013_Monaco_Grand_Prix
886,2013,7,Canadian Grand Prix,Circuit Gilles Villeneuve,Montreal,09/06/2013,http://en.wikipedia.org/wiki/2013_Canadian_Grand_Prix
887,2013,8,British Grand Prix,Silverstone Circuit,Silverstone,30/06/2013,http://en.wikipedia.org/wiki/2013_British_Grand_Prix
890,2013,10,Hungarian Grand Prix,Hungaroring,Budapest,28/07/2013,http://en.wikipedia.org/wiki/2013_Hungarian_Grand_Prix
891,2013,11,Belgian Grand Prix,Circuit de Spa-Francorchamps,Spa,25/08/2013,http://en.wikipedia.org/wiki/2013_Belgian_Grand_Prix
892,2013,12,Italian Grand Prix,Autodromo Nazionale di Monza,Monza,08/09/2013,http://en.wikipedia.org/wiki/2013_Italian_Grand_Prix
893,2013,13,Singapore Grand Prix,Marina Bay Street Circuit,Marina Bay,22/09/2013,http://en.wikipedia.org/wiki/2013_Singapore_Grand_Prix
895,2013,15,Japanese Grand Prix,Suzuka Circuit,Suzuka,13/10/2013,http://en.wikipedia.org/wiki/2013_Japanese_Grand_Prix
897,2013,17,Abu Dhabi Grand Prix,Yas Marina Circuit,Abu Dhabi,03/11/2013,http://en.wikipedia.org/wiki/2013_Abu_Dhabi_Grand_Prix
898,2013,18,United States Grand Prix,Circuit of the Americas,Austin,17/11/2013,http://en.wikipedia.org/wiki/2013_United_States_Grand_Prix
899,2013,19,São Paulo Grand Prix,Autódromo José Carlos Pace,São Paulo,24/11/2013,http://en.wikipedia.org/wiki/2013_Brazilian_Grand_Prix
900,2014,1,Australian Grand Prix,Albert Park Grand Prix Circuit,Melbourne,16/03/2014,http://en.wikipedia.org/wiki/2014_Australian_Grand_Prix
902,2014,3,Bahrain Grand Prix,Bahrain International Circuit,Sakhir,06/04/2014,http://en.wikipedia.org/wiki/2014_Bahrain_Grand_Prix
904,2014,5,Spanish Grand Prix,Circuit de Barcelona-Catalunya,Montmeló,11/05/2014,http://en.wikipedia.org/wiki/2014_Spanish_Grand_Prix
905,2014,6,Monaco Grand Prix,Circuit de Monaco,Monte-Carlo,25/05/2014,http://en.wikipedia.org/wiki/2014_Monaco_Grand_Prix
906,2014,7,Canadian Grand Prix,Circuit Gilles Villeneuve,Montreal,08/06/2014,http://en.wikipedia.org/wiki/2014_Canadian_Grand_Prix
907,2014,8,Austrian Grand Prix,Red Bull Ring,Spielberg,22/06/2014,http://en.wikipedia.org/wiki/2014_Austrian_Grand_Prix
908,2014,9,British Grand Prix,Silverstone Circuit,Silverstone,06/07/2014,http://en.wikipedia.org/wiki/2014_British_Grand_Prix
910,2014,11,Hungarian Grand Prix,Hungaroring,Budapest,27/07/2014,http://en.wikipedia.org/wiki/2014_Hungarian_Grand_Prix
911,2014,12,Belgian Grand Prix,Circuit de Spa-Francorchamps,Spa,24/08/2014,http://en.wikipedia.org/wiki/2014_Belgian_Grand_Prix
912,2014,13,Italian Grand Prix,Autodromo Nazionale di Monza,Monza,07/09/2014,http://en.wikipedia.org/wiki/2014_Italian_Grand_Prix
913,2014,14,Singapore Grand Prix,Marina Bay Street Circuit,Marina Bay,21/09/2014,http://en.wikipedia.org/wiki/2014_Singapore_Grand_Prix
914,2014,15,Japanese Grand Prix,Suzuka Circuit,Suzuka,05/10/2014,http://en.wikipedia.org/wiki/2014_Japanese_Grand_Prix
916,2014,17,United States Grand Prix,Circuit of the Americas,Austin,02/11/2014,http://en.wikipedia.org/wiki/2014_United_States_Grand_Prix
917,2014,18,São Paulo Grand Prix,Autódromo José Carlos Pace,São Paulo,09/11/2014,http://en.wikipedia.org/wiki/2014_Brazilian_Grand_Prix
918,2014,19,Abu Dhabi Grand Prix,Yas Marina Circuit,Abu Dhabi,23/11/2014,http://en.wikipedia.org/wiki/2014_Abu_Dhabi_Grand_Prix
931,2015,1,Australian Grand Prix,Albert Park Grand Prix Circuit,Melbourne,15/03/2015,http://en.wikipedia.org/wiki/2015_Australian_Grand_Prix
932,2015,4,Bahrain Grand Prix,Bahrain International Circuit,Sakhir,19/04/2015,http://en.wikipedia.org/wiki/2015_Bahrain_Grand_Prix
929,2015,5,Spanish Grand Prix,Circuit de Barcelona-Catalunya,Montmeló,10/05/2015,http://en.wikipedia.org/wiki/2015_Spanish_Grand_Prix
930,2015,6,Monaco Grand Prix,Circuit de Monaco,Monte-Carlo,24/05/2015,http://en.wikipedia.org/wiki/2015_Monaco_Grand_Prix
926,2015,7,Canadian Grand Prix,Circuit Gilles Villeneuve,Montreal,07/06/2015,http://en.wikipedia.org/wiki/2015_Canadian_Grand_Prix
933,2015,8,Austrian Grand Prix,Red Bull Ring,Spielberg,21/06/2015,http://en.wikipedia.org/wiki/2015_Austrian_Grand_Prix
934,2015,9,British Grand Prix,Silverstone Circuit,Silverstone,05/07/2015,http://en.wikipedia.org/wiki/2015_British_Grand_Prix
936,2015,10,Hungarian Grand Prix,Hungaroring,Budapest,26/07/2015,http://en.wikipedia.org/wiki/2015_Hungarian_Grand_Prix
937,2015,11,Belgian Grand Prix,Circuit de Spa-Francorchamps,Spa,23/08/2015,http://en.wikipedia.org/wiki/2015_Belgian_Grand_Prix
938,2015,12,Italian Grand Prix,Autodromo Nazionale di Monza,Monza,06/09/2015,http://en.wikipedia.org/wiki/2015_Italian_Grand_Prix
939,2015,13,Singapore Grand Prix,Marina Bay Street Circuit,Marina Bay,20/09/2015,http://en.wikipedia.org/wiki/2015_Singapore_Grand_Prix
940,2015,14,Japanese Grand Prix,Suzuka Circuit,Suzuka,27/09/2015,http://en.wikipedia.org/wiki/2015_Japanese_Grand_Prix
942,2015,16,United States Grand Prix,Circuit of the Americas,Austin,25/10/2015,http://en.wikipedia.org/wiki/2015_United_States_Grand_Prix
943,2015,17,Mexico City Grand Prix,Autódromo Hermanos Rodríguez,Mexico City,01/11/2015,http://en.wikipedia.org/wiki/2015_Mexican_Grand_Prix
944,2015,18,São Paulo Grand Prix,Autódromo José Carlos Pace,São Paulo,15/11/2015,http://en.wikipedia.org/wiki/2015_Brazilian_Grand_Prix
945,2015,19,Abu Dhabi Grand Prix,Yas Marina Circuit,Abu Dhabi,29/11/2015,http://en.wikipedia.org/wiki/2015_Abu_Dhabi_Grand_Prix
948,2016,1,Australian Grand Prix,Albert Park Grand Prix Circuit,Melbourne,20/03/2016,http://en.wikipedia.org/wiki/2016_Australian_Grand_Prix
949,2016,2,Bahrain Grand Prix,Bahrain International Circuit,Sakhir,03/04/2016,http://en.wikipedia.org/wiki/2016_Bahrain_Grand_Prix
952,2016,5,Spanish Grand Prix,Circuit de Barcelona-Catalunya,Montmeló,15/05/2016,http://en.wikipedia.org/wiki/2016_Spanish_Grand_Prix
953,2016,6,Monaco Grand Prix,Circuit de Monaco,Monte-Carlo,29/05/2016,http://en.wikipedia.org/wiki/2016_Monaco_Grand_Prix
954,2016,7,Canadian Grand Prix,Circuit Gilles Villeneuve,Montreal,12/06/2016,http://en.wikipedia.org/wiki/2016_Canadian_Grand_Prix
955,2016,8,Azerbaijan Grand Prix,Baku City Circuit,Baku,19/06/2016,http://en.wikipedia.org/wiki/2016_European_Grand_Prix
956,2016,9,Austrian Grand Prix,Red Bull Ring,Spielberg,03/07/2016,http://en.wikipedia.org/wiki/2016_Austrian_Grand_Prix
957,2016,10,British Grand Prix,Silverstone Circuit,Silverstone,10/07/2016,http://en.wikipedia.org/wiki/2016_British_Grand_Prix
958,2016,11,Hungarian Grand Prix,Hungaroring,Budapest,24/07/2016,http://en.wikipedia.org/wiki/2016_Hungarian_Grand_Prix
960,2016,13,Belgian Grand Prix,Circuit de Spa-Francorchamps,Spa,28/08/2016,http://en.wikipedia.org/wiki/2016_Belgian_Grand_Prix
961,2016,14,Italian Grand Prix,Autodromo Nazionale di Monza,Monza,04/09/2016,http://en.wikipedia.org/wiki/2016_Italian_Grand_Prix
962,2016,15,Singapore Grand Prix,Marina Bay Street Circuit,Marina Bay,18/09/2016,http://en.wikipedia.org/wiki/2016_Singapore_Grand_Prix
964,2016,17,Japanese Grand Prix,Suzuka Circuit,Suzuka,09/10/2016,http://en.wikipedia.org/wiki/2016_Japanese_Grand_Prix
965,2016,18,United States Grand Prix,Circuit of the Americas,Austin,23/10/2016,http://en.wikipedia.org/wiki/2016_United_States_Grand_Prix
966,2016,19,Mexico City Grand Prix,Autódromo Hermanos Rodríguez,Mexico City,30/10/2016,http://en.wikipedia.org/wiki/2016_Mexican_Grand_Prix
967,2016,20,São Paulo Grand Prix,Autódromo José Carlos Pace,São Paulo,13/11/2016,http://en.wikipedia.org/wiki/2016_Brazilian_Grand_Prix
968,2016,21,Abu Dhabi Grand Prix,Yas Marina Circuit,Abu Dhabi,27/11/2016,http://en.wikipedia.org/wiki/2016_Abu_Dhabi_Grand_Prix
969,2017,1,Australian Grand Prix,Albert Park Grand Prix Circuit,Melbourne,26/03/2017,http://en.wikipedia.org/wiki/2017_Australian_Grand_Prix
971,2017,3,Bahrain Grand Prix,Bahrain International Circuit,Sakhir,16/04/2017,http://en.wikipedia.org/wiki/2017_Bahrain_Grand_Prix
973,2017,5,Spanish Grand Prix,Circuit de Barcelona-Catalunya,Montmeló,14/05/2017,http://en.wikipedia.org/wiki/2017_Spanish_Grand_Prix
974,2017,6,Monaco Grand Prix,Circuit de Monaco,Monte-Carlo,28/05/2017,http://en.wikipedia.org/wiki/2017_Monaco_Grand_Prix
975,2017,7,Canadian Grand Prix,Circuit Gilles Villeneuve,Montreal,11/06/2017,http://en.wikipedia.org/wiki/2017_Canadian_Grand_Prix
976,2017,8,Azerbaijan Grand Prix,Baku City Circuit,Baku,25/06/2017,http://en.wikipedia.org/wiki/2017_Azerbaijan_Grand_Prix
977,2017,9,Austrian Grand Prix,Red Bull Ring,Spielberg,09/07/2017,http://en.wikipedia.org/wiki/2017_Austrian_Grand_Prix
978,2017,10,British Grand Prix,Silverstone Circuit,Silverstone,16/07/2017,http://en.wikipedia.org/wiki/2017_British_Grand_Prix
979,2017,11,Hungarian Grand Prix,Hungaroring,Budapest,30/07/2017,http://en.wikipedia.org/wiki/2017_Hungarian_Grand_Prix
980,2017,12,Belgian Grand Prix,Circuit de Spa-Francorchamps,Spa,27/08/2017,http://en.wikipedia.org/wiki/2017_Belgian_Grand_Prix
981,2017,13,Italian Grand Prix,Autodromo Nazionale di Monza,Monza,03/09/2017,http://en.wikipedia.org/wiki/2017_Italian_Grand_Prix
982,2017,14,Singapore Grand Prix,Marina Bay Street Circuit,Marina Bay,17/09/2017,http://en.wikipedia.org/wiki/2017_Singapore_Grand_Prix
984,2017,16,Japanese Grand Prix,Suzuka Circuit,Suzuka,08/10/2017,http://en.wikipedia.org/wiki/2017_Japanese_Grand_Prix
985,2017,17,United States Grand Prix,Circuit of the Americas,Austin,22/10/2017,http://en.wikipedia.org/wiki/2017_United_States_Grand_Prix
986,2017,18,Mexico City Grand Prix,Autódromo Hermanos Rodríguez,Mexico City,29/10/2017,http://en.wikipedia.org/wiki/2017_Mexican_Grand_Prix
987,2017,19,São Paulo Grand Prix,Autódromo José Carlos Pace,São Paulo,12/11/2017,http://en.wikipedia.org/wiki/2017_Brazilian_Grand_Prix
988,2017,20,Abu Dhabi Grand Prix,Yas Marina Circuit,Abu Dhabi,26/11/2017,http://en.wikipedia.org/wiki/2017_Abu_Dhabi_Grand_Prix
989,2018,1,Australian Grand Prix,Albert Park Grand Prix Circuit,Melbourne,25/03/2018,http://en.wikipedia.org/wiki/2018_Australian_Grand_Prix
990,2018,2,Bahrain Grand Prix,Bahrain International Circuit,Sakhir,08/04/2018,http://en.wikipedia.org/wiki/2018_Bahrain_Grand_Prix
992,2018,4,Azerbaijan Grand Prix,Baku City Circuit,Baku,29/04/2018,http://en.wikipedia.org/wiki/2018_Azerbaijan_Grand_Prix
993,2018,5,Spanish Grand Prix,Circuit de Barcelona-Catalunya,Montmeló,13/05/2018,http://en.wikipedia.org/wiki/2018_Spanish_Grand_Prix
994,2018,6,Monaco Grand Prix,Circuit de Monaco,Monte-Carlo,27/05/2018,http://en.wikipedia.org/wiki/2018_Monaco_Grand_Prix
995,2018,7,Canadian Grand Prix,Circuit Gilles Villeneuve,Montreal,10/06/2018,http://en.wikipedia.org/wiki/2018_Canadian_Grand_Prix
997,2018,9,Austrian Grand Prix,Red Bull Ring,Spielberg,01/07/2018,http://en.wikipedia.org/wiki/2018_Austrian_Grand_Prix
998,2018,10,British Grand Prix,Silverstone Circuit,Silverstone,08/07/2018,http://en.wikipedia.org/wiki/2018_British_Grand_Prix
1000,2018,12,Hungarian Grand Prix,Hungaroring,Budapest,29/07/2018,http://en.wikipedia.org/wiki/2018_Hungarian_Grand_Prix
1001,2018,13,Belgian Grand Prix,Circuit de Spa-Francorchamps,Spa,26/08/2018,http://en.wikipedia.org/wiki/2018_Belgian_Grand_Prix
1002,2018,14,Italian Grand Prix,Autodromo Nazionale di Monza,Monza,02/09/2018,http://en.wikipedia.org/wiki/2018_Italian_Grand_Prix
1003,2018,15,Singapore Grand Prix,Marina Bay Street Circuit,Marina Bay,16/09/2018,http://en.wikipedia.org/wiki/2018_Singapore_Grand_Prix
1005,2018,17,Japanese Grand Prix,Suzuka Circuit,Suzuka,07/10/2018,http://en.wikipedia.org/wiki/2018_Japanese_Grand_Prix
1006,2018,18,United States Grand Prix,Circuit of the Americas,Austin,21/10/2018,http://en.wikipedia.org/wiki/2018_United_States_Grand_Prix
1007,2018,19,Mexico City Grand Prix,Autódromo Hermanos Rodríguez,Mexico City,28/10/2018,http://en.wikipedia.org/wiki/2018_Mexican_Grand_Prix
1008,2018,20,São Paulo Grand Prix,Autódromo José Carlos Pace,São Paulo,11/11/2018,http://en.wikipedia.org/wiki/2018_Brazilian_Grand_Prix
1009,2018,21,Abu Dhabi Grand Prix,Yas Marina Circuit,Abu Dhabi,25/11/2018,http://en.wikipedia.org/wiki/2018_Abu_Dhabi_Grand_Prix
1010,2019,1,Australian Grand Prix,Albert Park Grand Prix Circuit,Melbourne,17/03/2019,http://en.wikipedia.org/wiki/2019_Australian_Grand_Prix
1011,2019,2,Bahrain Grand Prix,Bahrain International Circuit,Sakhir,31/03/2019,http://en.wikipedia.org/wiki/2019_Bahrain_Grand_Prix
1013,2019,4,Azerbaijan Grand Prix,Baku City Circuit,Baku,28/04/2019,http://en.wikipedia.org/wiki/2019_Azerbaijan_Grand_Prix
1014,2019,5,Spanish Grand Prix,Circuit de Barcelona-Catalunya,Montmeló,12/05/2019,http://en.wikipedia.org/wiki/2019_Spanish_Grand_Prix
1015,2019,6,Monaco Grand Prix,Circuit de Monaco,Monte-Carlo,26/05/2019,http://en.wikipedia.org/wiki/2019_Monaco_Grand_Prix
1016,2019,7,Canadian Grand Prix,Circuit Gilles Villeneuve,Montreal,09/06/2019,http://en.wikipedia.org/wiki/2019_Canadian_Grand_Prix
1018,2019,9,Austrian Grand Prix,Red Bull Ring,Spielberg,30/06/2019,http://en.wikipedia.org/wiki/2019_Austrian_Grand_Prix
1019,2019,10,British Grand Prix,Silverstone Circuit,Silverstone,14/07/2019,http://en.wikipedia.org/wiki/2019_British_Grand_Prix
1021,2019,12,Hungarian Grand Prix,Hungaroring,Budapest,04/08/2019,http://en.wikipedia.org/wiki/2019_Hungarian_Grand_Prix
1022,2019,13,Belgian Grand Prix,Circuit de Spa-Francorchamps,Spa,01/09/2019,http://en.wikipedia.org/wiki/2019_Belgian_Grand_Prix
1023,2019,14,Italian Grand Prix,Autodromo Nazionale di Monza,Monza,08/09/2019,http://en.wikipedia.org/wiki/2019_Italian_Grand_Prix
1024,2019,15,Singapore Grand Prix,Marina Bay Street Circuit,Marina Bay,22/09/2019,http://en.wikipedia.org/wiki/2019_Singapore_Grand_Prix
1026,2019,17,Japanese Grand Prix,Suzuka Circuit,Suzuka,13/10/2019,http://en.wikipedia.org/wiki/2019_Japanese_Grand_Prix
1027,2019,18,Mexico City Grand Prix,Autódromo Hermanos Rodríguez,Mexico City,27/10/2019,http://en.wikipedia.org/wiki/2019_Mexican_Grand_Prix
1028,2019,19,United States Grand Prix,Circuit of the Americas,Austin,03/11/2019,http://en.wikipedia.org/wiki/2019_United_States_Grand_Prix
1029,2019,20,São Paulo Grand Prix,Autódromo José Carlos Pace,São Paulo,17/11/2019,http://en.wikipedia.org/wiki/2019_Brazilian_Grand_Prix
1030,2019,21,Abu Dhabi Grand Prix,Yas Marina Circuit,Abu Dhabi,01/12/2019,http://en.wikipedia.org/wiki/2019_Abu_Dhabi_Grand_Prix
1031,2020,1,Austrian Grand Prix,Red Bull Ring,Spielberg,05/07/2020,http://en.wikipedia.org/wiki/2020_Austrian_Grand_Prix
1032,2020,2,Austrian Grand Prix,Red Bull Ring,Spielberg,12/07/2020,http://en.wikipedia.org/wiki/2020_Styrian_Grand_Prix
1033,2020,3,Hungarian Grand Prix,Hungaroring,Budapest,19/07/2020,http://en.wikipedia.org/wiki/2020_Hungarian_Grand_Prix
1034,2020,4,British Grand Prix,Silverstone Circuit,Silverstone,02/08/2020,http://en.wikipedia.org/wiki/2020_British_Grand_Prix
1035,2020,5,British Grand Prix,Silverstone Circuit,Silverstone,09/08/2020,http://en.wikipedia.org/wiki/70th_Anniversary_Grand_Prix
1036,2020,6,Spanish Grand Prix,Circuit de Barcelona-Catalunya,Montmeló,16/08/2020,http://en.wikipedia.org/wiki/2020_Spanish_Grand_Prix
1037,2020,7,Belgian Grand Prix,Circuit de Spa-Francorchamps,Spa,30/08/2020,http://en.wikipedia.org/wiki/2020_Belgian_Grand_Prix
1038,2020,8,Italian Grand Prix,Autodromo Nazionale di Monza,Monza,06/09/2020,http://en.wikipedia.org/wiki/2020_Italian_Grand_Prix
1043,2020,13,Emilia Romagna Grand Prix,Autodromo Enzo e Dino Ferrari,Imola,01/11/2020,http://en.wikipedia.org/wiki/2020_Emilia_Romagna_Grand_Prix
1045,2020,15,Bahrain Grand Prix,Bahrain International Circuit,Sakhir,29/11/2020,http://en.wikipedia.org/wiki/2020_Bahrain_Grand_Prix
1046,2020,16,Bahrain Grand Prix,Bahrain International Circuit,Sakhir,06/12/2020,http://en.wikipedia.org/wiki/2020_Sakhir_Grand_Prix
1047,2020,17,Abu Dhabi Grand Prix,Yas Marina Circuit,Abu Dhabi,13/12/2020,http://en.wikipedia.org/wiki/2020_Abu_Dhabi_Grand_Prix
1053,2021,20,Qatar Grand Prix,Losail International Circuit,Al Daayen,21/11/2021,http://en.wikipedia.org/wiki/2021_Qatar_Grand_Prix
1052,2021,1,Bahrain Grand Prix,Bahrain International Circuit,Sakhir,28/03/2021,http://en.wikipedia.org/wiki/2021_Bahrain_Grand_Prix
1051,2021,2,Emilia Romagna Grand Prix,Autodromo Enzo e Dino Ferrari,Imola,18/04/2021,http://en.wikipedia.org/wiki/2021_Emilia_Romagna_Grand_Prix
1055,2021,4,Spanish Grand Prix,Circuit de Barcelona-Catalunya,Montmeló,09/05/2021,http://en.wikipedia.org/wiki/2021_Spanish_Grand_Prix
1056,2021,5,Monaco Grand Prix,Circuit de Monaco,Monte-Carlo,23/05/2021,http://en.wikipedia.org/wiki/2021_Monaco_Grand_Prix
1057,2021,6,Azerbaijan Grand Prix,Baku City Circuit,Baku,06/06/2021,http://en.wikipedia.org/wiki/2021_Azerbaijan_Grand_Prix
1058,2021,8,Austrian Grand Prix,Red Bull Ring,Spielberg,27/06/2021,http://en.wikipedia.org/wiki/2021_Styrian_Grand_Prix
1060,2021,9,Austrian Grand Prix,Red Bull Ring,Spielberg,04/07/2021,http://en.wikipedia.org/wiki/2021_Austrian_Grand_Prix
1061,2021,10,British Grand Prix,Silverstone Circuit,Silverstone,18/07/2021,http://en.wikipedia.org/wiki/2021_British_Grand_Prix
1062,2021,11,Hungarian Grand Prix,Hungaroring,Budapest,01/08/2021,http://en.wikipedia.org/wiki/2021_Hungarian_Grand_Prix
1063,2021,12,Belgian Grand Prix,Circuit de Spa-Francorchamps,Spa,29/08/2021,http://en.wikipedia.org/wiki/2021_Belgian_Grand_Prix
1064,2021,13,Dutch Grand Prix,Circuit Park Zandvoort,Zandvoort,05/09/2021,http://en.wikipedia.org/wiki/2021_Dutch_Grand_Prix
1065,2021,14,Italian Grand Prix,Autodromo Nazionale di Monza,Monza,12/09/2021,http://en.wikipedia.org/wiki/2021_Italian_Grand_Prix
1069,2021,17,United States Grand Prix,Circuit of the Americas,Austin,24/10/2021,http://en.wikipedia.org/wiki/2021_United_States_Grand_Prix
1070,2021,18,Mexico City Grand Prix,Autódromo Hermanos Rodríguez,Mexico City,07/11/2021,http://en.wikipedia.org/wiki/2021_Mexican_Grand_Prix
1071,2021,19,São Paulo Grand Prix,Autódromo José Carlos Pace,São Paulo,14/11/2021,http://en.wikipedia.org/wiki/2021_S%C3%A3o_Paulo_Grand_Prix
1072,2021,21,Saudi Arabian Grand Prix,Jeddah Corniche Circuit,Jeddah,05/12/2021,http://en.wikipedia.org/wiki/2021_Saudi_Arabian_Grand_Prix
1073,2021,22,Abu Dhabi Grand Prix,Yas Marina Circuit,Abu Dhabi,12/12/2021,http://en.wikipedia.org/wiki/2021_Abu_Dhabi_Grand_Prix
1074,2022,1,Bahrain Grand Prix,Bahrain International Circuit,Sakhir,20/03/2022,http://en.wikipedia.org/wiki/2022_Bahrain_Grand_Prix
1075,2022,2,Saudi Arabian Grand Prix,Jeddah Corniche Circuit,Jeddah,27/03/2022,http://en.wikipedia.org/wiki/2022_Saudi_Arabian_Grand_Prix
1076,2022,3,Australian Grand Prix,Albert Park Grand Prix Circuit,Melbourne,10/04/2022,http://en.wikipedia.org/wiki/2022_Australian_Grand_Prix
1077,2022,4,Emilia Romagna Grand Prix,Autodromo Enzo e Dino Ferrari,Imola,24/04/2022,http://en.wikipedia.org/wiki/2022_Emilia_Romagna_Grand_Prix
1078,2022,5,Miami Grand Prix,Miami International Autodrome,Miami,08/05/2022,http://en.wikipedia.org/wiki/2022_Miami_Grand_Prix
1079,2022,6,Spanish Grand Prix,Circuit de Barcelona-Catalunya,Montmeló,22/05/2022,http://en.wikipedia.org/wiki/2022_Spanish_Grand_Prix
1080,2022,7,Monaco Grand Prix,Circuit de Monaco,Monte-Carlo,29/05/2022,http://en.wikipedia.org/wiki/2022_Monaco_Grand_Prix
1081,2022,8,Azerbaijan Grand Prix,Baku City Circuit,Baku,12/06/2022,http://en.wikipedia.org/wiki/2022_Azerbaijan_Grand_Prix
1082,2022,9,Canadian Grand Prix,Circuit Gilles Villeneuve,Montreal,19/06/2022,http://en.wikipedia.org/wiki/2022_Canadian_Grand_Prix
1083,2022,10,British Grand Prix,Silverstone Circuit,Silverstone,03/07/2022,http://en.wikipedia.org/wiki/2022_British_Grand_Prix
1084,2022,11,Austrian Grand Prix,Red Bull Ring,Spielberg,10/07/2022,http://en.wikipedia.org/wiki/2022_Austrian_Grand_Prix
1086,2022,13,Hungarian Grand Prix,Hungaroring,Budapest,31/07/2022,http://en.wikipedia.org/wiki/2022_Hungarian_Grand_Prix
1087,2022,14,Belgian Grand Prix,Circuit de Spa-Francorchamps,Spa,28/08/2022,http://en.wikipedia.org/wiki/2022_Belgian_Grand_Prix
1088,2022,15,Dutch Grand Prix,Circuit Park Zandvoort,Zandvoort,04/09/2022,http://en.wikipedia.org/wiki/2022_Dutch_Grand_Prix
1089,2022,16,Italian Grand Prix,Autodromo Nazionale di Monza,Monza,11/09/2022,http://en.wikipedia.org/wiki/2022_Italian_Grand_Prix
1091,2022,17,Singapore Grand Prix,Marina Bay Street Circuit,Marina Bay,02/10/2022,http://en.wikipedia.org/wiki/2022_Singapore_Grand_Prix
1092,2022,18,Japanese Grand Prix,Suzuka Circuit,Suzuka,09/10/2022,http://en.wikipedia.org/wiki/2022_Japanese_Grand_Prix
1093,2022,19,United States Grand Prix,Circuit of the Americas,Austin,23/10/2022,http://en.wikipedia.org/wiki/2022_United_States_Grand_Prix
1094,2022,20,Mexico City Grand Prix,Autódromo Hermanos Rodríguez,Mexico City,30/10/2022,http://en.wikipedia.org/wiki/2022_Mexican_Grand_Prix
1095,2022,21,São Paulo Grand Prix,Autódromo José Carlos Pace,São Paulo,13/11/2022,http://en.wikipedia.org/wiki/2022_Brazilian_Grand_Prix
1096,2022,22,Abu Dhabi Grand Prix,Yas Marina Circuit,Abu Dhabi,20/11/2022,http://en.wikipedia.org/wiki/2022_Abu_Dhabi_Grand_Prix
1098,2023,1,Bahrain Grand Prix,Bahrain International Circuit,Sakhir,05/03/2023,https://en.wikipedia.org/wiki/2023_Bahrain_Grand_Prix
1099,2023,2,Saudi Arabian Grand Prix,Jeddah Corniche Circuit,Jeddah,19/03/2023,https://en.wikipedia.org/wiki/2023_Saudi_Arabian_Grand_Prix
1100,2023,3,Australian Grand Prix,Albert Park Grand Prix Circuit,Melbourne,02/04/2023,https://en.wikipedia.org/wiki/2023_Australian_Grand_Prix
1101,2023,4,Azerbaijan Grand Prix,Baku City Circuit,Baku,30/04/2023,https://en.wikipedia.org/wiki/2023_Azerbaijan_Grand_Prix
1102,2023,5,Miami Grand Prix,Miami International Autodrome,Miami,07/05/2023,https://en.wikipedia.org/wiki/2023_Miami_Grand_Prix
1103,2023,6,Emilia Romagna Grand Prix,Autodromo Enzo e Dino Ferrari,Imola,21/05/2023,https://en.wikipedia.org/wiki/2023_Emilia_Romagna_Grand_Prix
1104,2023,7,Monaco Grand Prix,Circuit de Monaco,Monte-Carlo,28/05/2023,https://en.wikipedia.org/wiki/2023_Monaco_Grand_Prix
1105,2023,8,Spanish Grand Prix,Circuit de Barcelona-Catalunya,Montmeló,04/06/2023,https://en.wikipedia.org/wiki/2023_Spanish_Grand_Prix
1106,2023,9,Canadian Grand Prix,Circuit Gilles Villeneuve,Montreal,18/06/2023,https://en.wikipedia.org/wiki/2023_Canadian_Grand_Prix
1107,2023,10,Austrian Grand Prix,Red Bull Ring,Spielberg,02/07/2023,https://en.wikipedia.org/wiki/2023_Austrian_Grand_Prix
1108,2023,11,British Grand Prix,Silverstone Circuit,Silverstone,09/07/2023,https://en.wikipedia.org/wiki/2023_British_Grand_Prix
1109,2023,12,Hungarian Grand Prix,Hungaroring,Budapest,23/07/2023,https://en.wikipedia.org/wiki/2023_Hungarian_Grand_Prix
1110,2023,13,Belgian Grand Prix,Circuit de Spa-Francorchamps,Spa,30/07/2023,https://en.wikipedia.org/wiki/2023_Belgian_Grand_Prix
1111,2023,14,Dutch Grand Prix,Circuit Park Zandvoort,Zandvoort,27/08/2023,https://en.wikipedia.org/wiki/2023_Dutch_Grand_Prix
1112,2023,15,Italian Grand Prix,Autodromo Nazionale di Monza,Monza,03/09/2023,https://en.wikipedia.org/wiki/2023_Italian_Grand_Prix
1113,2023,16,Singapore Grand Prix,Marina Bay Street Circuit,Marina Bay,17/09/2023,https://en.wikipedia.org/wiki/2023_Singapore_Grand_Prix
1114,2023,17,Japanese Grand Prix,Suzuka Circuit,Suzuka,24/09/2023,https://en.wikipedia.org/wiki/2023_Japanese_Grand_Prix
1115,2023,18,Qatar Grand Prix,Losail International Circuit,Al Daayen,08/10/2023,https://en.wikipedia.org/wiki/2023_Qatar_Grand_Prix
1116,2023,19,United States Grand Prix,Circuit of the Americas,Austin,22/10/2023,https://en.wikipedia.org/wiki/2023_United_States_Grand_Prix
1117,2023,20,Mexico City Grand Prix,Autódromo Hermanos Rodríguez,Mexico City,29/10/2023,https://en.wikipedia.org/wiki/2023_Mexico_City_Grand_Prix
1118,2023,21,São Paulo Grand Prix,Autódromo José Carlos Pace,São Paulo,05/11/2023,https://en.wikipedia.org/wiki/2023_S%C3%A3o_Paulo_Grand_Prix
1120,2023,23,Abu Dhabi Grand Prix,Yas Marina Circuit,Abu Dhabi,26/11/2023,https://en.wikipedia.org/wiki/2023_Abu_Dhabi_Grand_Prix